Running method: src/active_learning/active_learning_mixed_entropy_sampling.py
CUDA: True
NVIDIA A100-SXM4-40GB

===== ROUND 0 | actor_mixed_entropy =====
Labeled pool size: 100
Unlabeled pool size: 4604

Starting training...
{'loss': '0.533', 'grad_norm': '6.618', 'learning_rate': '1.815e-05', 'epoch': '1'}
{'eval_loss': '0.3879', 'eval_accuracy': '0.869', 'eval_macro_f1': '0.465', 'eval_weighted_f1': '0.8082', 'eval_runtime': '1.94', 'eval_samples_per_second': '519.5', 'eval_steps_per_second': '64.93', 'epoch': '1'}
{'loss': '0.2849', 'grad_norm': '4.523', 'learning_rate': '1.615e-05', 'epoch': '2'}
{'eval_loss': '0.4347', 'eval_accuracy': '0.869', 'eval_macro_f1': '0.465', 'eval_weighted_f1': '0.8082', 'eval_runtime': '1.922', 'eval_samples_per_second': '524.5', 'eval_steps_per_second': '65.57', 'epoch': '2'}
{'loss': '0.2528', 'grad_norm': '9.917', 'learning_rate': '1.415e-05', 'epoch': '3'}
{'eval_loss': '0.4425', 'eval_accuracy': '0.869', 'eval_macro_f1': '0.465', 'eval_weighted_f1': '0.8082', 'eval_runtime': '1.927', 'eval_samples_per_second': '523', 'eval_steps_per_second': '65.38', 'epoch': '3'}
{'train_runtime': '10.42', 'train_samples_per_second': '95.97', 'train_steps_per_second': '12.48', 'train_loss': '0.3569', 'epoch': '3'}

Evaluating on dev set...

Evaluating on test set...

Dev results:
{'eval_loss': 0.4425363838672638, 'eval_accuracy': 0.8690476190476191, 'eval_macro_f1': 0.46496815286624205, 'eval_weighted_f1': 0.8081589323627539, 'eval_runtime': 1.9228, 'eval_samples_per_second': 524.23, 'eval_steps_per_second': 65.529, 'epoch': 3.0}

Test results:
{'eval_loss': 0.4423636794090271, 'eval_accuracy': 0.8690476190476191, 'eval_macro_f1': 0.46496815286624205, 'eval_weighted_f1': 0.8081589323627539, 'eval_runtime': 1.9233, 'eval_samples_per_second': 524.108, 'eval_steps_per_second': 65.513, 'epoch': 3.0}

===== ROUND 1 | actor_mixed_entropy =====
Labeled pool size: 130
Unlabeled pool size: 4574

Starting training...
{'loss': '0.5509', 'grad_norm': '6.459', 'learning_rate': '1.812e-05', 'epoch': '1'}
{'eval_loss': '0.4158', 'eval_accuracy': '0.8681', 'eval_macro_f1': '0.4647', 'eval_weighted_f1': '0.8077', 'eval_runtime': '1.917', 'eval_samples_per_second': '525.8', 'eval_steps_per_second': '65.72', 'epoch': '1'}
{'loss': '0.3354', 'grad_norm': '5.41', 'learning_rate': '1.612e-05', 'epoch': '2'}
{'eval_loss': '0.4192', 'eval_accuracy': '0.871', 'eval_macro_f1': '0.5536', 'eval_weighted_f1': '0.8314', 'eval_runtime': '1.917', 'eval_samples_per_second': '525.8', 'eval_steps_per_second': '65.73', 'epoch': '2'}
{'loss': '0.2741', 'grad_norm': '6.771', 'learning_rate': '1.412e-05', 'epoch': '3'}
{'eval_loss': '0.4005', 'eval_accuracy': '0.87', 'eval_macro_f1': '0.4939', 'eval_weighted_f1': '0.8159', 'eval_runtime': '1.918', 'eval_samples_per_second': '525.6', 'eval_steps_per_second': '65.7', 'epoch': '3'}
{'loss': '0.1836', 'grad_norm': '3.753', 'learning_rate': '1.212e-05', 'epoch': '4'}
{'eval_loss': '0.4034', 'eval_accuracy': '0.873', 'eval_macro_f1': '0.5151', 'eval_weighted_f1': '0.8226', 'eval_runtime': '1.918', 'eval_samples_per_second': '525.6', 'eval_steps_per_second': '65.7', 'epoch': '4'}
{'train_runtime': '10.79', 'train_samples_per_second': '120.5', 'train_steps_per_second': '15.76', 'train_loss': '0.336', 'epoch': '4'}

Evaluating on dev set...

Evaluating on test set...

Dev results:
{'eval_loss': 0.40341076254844666, 'eval_accuracy': 0.873015873015873, 'eval_macro_f1': 0.5151442271558916, 'eval_weighted_f1': 0.8225997751002637, 'eval_runtime': 1.9166, 'eval_samples_per_second': 525.932, 'eval_steps_per_second': 65.742, 'epoch': 4.0}

Test results:
{'eval_loss': 0.3915460407733917, 'eval_accuracy': 0.8720238095238095, 'eval_macro_f1': 0.5145143164363666, 'eval_weighted_f1': 0.822013811068803, 'eval_runtime': 1.9162, 'eval_samples_per_second': 526.042, 'eval_steps_per_second': 65.755, 'epoch': 4.0}

===== ROUND 2 | actor_mixed_entropy =====
Labeled pool size: 160
Unlabeled pool size: 4544

Starting training...
{'loss': '0.6115', 'grad_norm': '7.629', 'learning_rate': '1.81e-05', 'epoch': '1'}
{'eval_loss': '0.4245', 'eval_accuracy': '0.869', 'eval_macro_f1': '0.465', 'eval_weighted_f1': '0.8082', 'eval_runtime': '1.921', 'eval_samples_per_second': '524.6', 'eval_steps_per_second': '65.58', 'epoch': '1'}
{'loss': '0.4289', 'grad_norm': '4.073', 'learning_rate': '1.61e-05', 'epoch': '2'}
{'eval_loss': '0.4162', 'eval_accuracy': '0.873', 'eval_macro_f1': '0.5151', 'eval_weighted_f1': '0.8226', 'eval_runtime': '1.92', 'eval_samples_per_second': '525.1', 'eval_steps_per_second': '65.64', 'epoch': '2'}
{'loss': '0.3597', 'grad_norm': '6.944', 'learning_rate': '1.41e-05', 'epoch': '3'}
{'eval_loss': '0.4135', 'eval_accuracy': '0.8651', 'eval_macro_f1': '0.5384', 'eval_weighted_f1': '0.825', 'eval_runtime': '1.919', 'eval_samples_per_second': '525.2', 'eval_steps_per_second': '65.65', 'epoch': '3'}
{'loss': '0.2275', 'grad_norm': '2.232', 'learning_rate': '1.21e-05', 'epoch': '4'}
{'eval_loss': '0.4076', 'eval_accuracy': '0.8621', 'eval_macro_f1': '0.5255', 'eval_weighted_f1': '0.8205', 'eval_runtime': '1.92', 'eval_samples_per_second': '524.9', 'eval_steps_per_second': '65.61', 'epoch': '4'}
{'loss': '0.1441', 'grad_norm': '3.775', 'learning_rate': '1.01e-05', 'epoch': '5'}
{'eval_loss': '0.4299', 'eval_accuracy': '0.8671', 'eval_macro_f1': '0.5399', 'eval_weighted_f1': '0.8263', 'eval_runtime': '1.921', 'eval_samples_per_second': '524.9', 'eval_steps_per_second': '65.61', 'epoch': '5'}
{'loss': '0.0977', 'grad_norm': '1.984', 'learning_rate': '8.1e-06', 'epoch': '6'}
{'eval_loss': '0.4512', 'eval_accuracy': '0.8681', 'eval_macro_f1': '0.5407', 'eval_weighted_f1': '0.8269', 'eval_runtime': '1.92', 'eval_samples_per_second': '525', 'eval_steps_per_second': '65.62', 'epoch': '6'}
{'loss': '0.06882', 'grad_norm': '0.4886', 'learning_rate': '6.1e-06', 'epoch': '7'}
{'eval_loss': '0.4508', 'eval_accuracy': '0.8651', 'eval_macro_f1': '0.5723', 'eval_weighted_f1': '0.8335', 'eval_runtime': '1.92', 'eval_samples_per_second': '525', 'eval_steps_per_second': '65.63', 'epoch': '7'}
{'loss': '0.04903', 'grad_norm': '1.233', 'learning_rate': '4.1e-06', 'epoch': '8'}
{'eval_loss': '0.474', 'eval_accuracy': '0.8651', 'eval_macro_f1': '0.5536', 'eval_weighted_f1': '0.8288', 'eval_runtime': '1.921', 'eval_samples_per_second': '524.7', 'eval_steps_per_second': '65.58', 'epoch': '8'}
{'loss': '0.03684', 'grad_norm': '1.504', 'learning_rate': '2.1e-06', 'epoch': '9'}
{'eval_loss': '0.4822', 'eval_accuracy': '0.8671', 'eval_macro_f1': '0.5696', 'eval_weighted_f1': '0.8337', 'eval_runtime': '1.92', 'eval_samples_per_second': '525', 'eval_steps_per_second': '65.62', 'epoch': '9'}
{'train_runtime': '25.74', 'train_samples_per_second': '62.17', 'train_steps_per_second': '7.771', 'train_loss': '0.2249', 'epoch': '9'}

Evaluating on dev set...

Evaluating on test set...

Dev results:
{'eval_loss': 0.4821588695049286, 'eval_accuracy': 0.8670634920634921, 'eval_macro_f1': 0.5695876617169078, 'eval_weighted_f1': 0.8336950814995554, 'eval_runtime': 1.9198, 'eval_samples_per_second': 525.047, 'eval_steps_per_second': 65.631, 'epoch': 9.0}

Test results:
{'eval_loss': 0.45630258321762085, 'eval_accuracy': 0.8630952380952381, 'eval_macro_f1': 0.5873362445414847, 'eval_weighted_f1': 0.8363225202744853, 'eval_runtime': 1.9191, 'eval_samples_per_second': 525.25, 'eval_steps_per_second': 65.656, 'epoch': 9.0}

===== ROUND 3 | actor_mixed_entropy =====
Labeled pool size: 190
Unlabeled pool size: 4514

Starting training...
{'loss': '0.618', 'grad_norm': '6.098', 'learning_rate': '1.808e-05', 'epoch': '1'}
{'eval_loss': '0.426', 'eval_accuracy': '0.8651', 'eval_macro_f1': '0.5219', 'eval_weighted_f1': '0.8209', 'eval_runtime': '1.92', 'eval_samples_per_second': '524.9', 'eval_steps_per_second': '65.62', 'epoch': '1'}
{'loss': '0.4276', 'grad_norm': '6.729', 'learning_rate': '1.608e-05', 'epoch': '2'}
{'eval_loss': '0.3934', 'eval_accuracy': '0.871', 'eval_macro_f1': '0.5076', 'eval_weighted_f1': '0.8198', 'eval_runtime': '1.92', 'eval_samples_per_second': '525', 'eval_steps_per_second': '65.62', 'epoch': '2'}
{'loss': '0.3532', 'grad_norm': '5.305', 'learning_rate': '1.408e-05', 'epoch': '3'}
{'eval_loss': '0.4119', 'eval_accuracy': '0.8601', 'eval_macro_f1': '0.5588', 'eval_weighted_f1': '0.8279', 'eval_runtime': '1.919', 'eval_samples_per_second': '525.3', 'eval_steps_per_second': '65.66', 'epoch': '3'}
{'loss': '0.2259', 'grad_norm': '13.67', 'learning_rate': '1.208e-05', 'epoch': '4'}
{'eval_loss': '0.4022', 'eval_accuracy': '0.8591', 'eval_macro_f1': '0.5987', 'eval_weighted_f1': '0.8373', 'eval_runtime': '1.923', 'eval_samples_per_second': '524.3', 'eval_steps_per_second': '65.54', 'epoch': '4'}
{'loss': '0.1539', 'grad_norm': '14.19', 'learning_rate': '1.008e-05', 'epoch': '5'}
{'eval_loss': '0.4396', 'eval_accuracy': '0.8681', 'eval_macro_f1': '0.5181', 'eval_weighted_f1': '0.8212', 'eval_runtime': '1.921', 'eval_samples_per_second': '524.7', 'eval_steps_per_second': '65.59', 'epoch': '5'}
{'loss': '0.1015', 'grad_norm': '1.766', 'learning_rate': '8.083e-06', 'epoch': '6'}
{'eval_loss': '0.4342', 'eval_accuracy': '0.875', 'eval_macro_f1': '0.5909', 'eval_weighted_f1': '0.8425', 'eval_runtime': '1.921', 'eval_samples_per_second': '524.8', 'eval_steps_per_second': '65.61', 'epoch': '6'}
{'train_runtime': '18.24', 'train_samples_per_second': '104.2', 'train_steps_per_second': '13.16', 'train_loss': '0.3134', 'epoch': '6'}

Evaluating on dev set...

Evaluating on test set...

Dev results:
{'eval_loss': 0.4342039227485657, 'eval_accuracy': 0.875, 'eval_macro_f1': 0.5909090909090908, 'eval_weighted_f1': 0.8425324675324675, 'eval_runtime': 1.9199, 'eval_samples_per_second': 525.035, 'eval_steps_per_second': 65.629, 'epoch': 6.0}

Test results:
{'eval_loss': 0.40885958075523376, 'eval_accuracy': 0.8660714285714286, 'eval_macro_f1': 0.6059113300492611, 'eval_weighted_f1': 0.8422472437250762, 'eval_runtime': 1.9202, 'eval_samples_per_second': 524.937, 'eval_steps_per_second': 65.617, 'epoch': 6.0}

===== ROUND 4 | actor_mixed_entropy =====
Labeled pool size: 220
Unlabeled pool size: 4484

Starting training...
{'loss': '0.6334', 'grad_norm': '3.739', 'learning_rate': '1.807e-05', 'epoch': '1'}
{'eval_loss': '0.4142', 'eval_accuracy': '0.8393', 'eval_macro_f1': '0.5834', 'eval_weighted_f1': '0.8244', 'eval_runtime': '1.922', 'eval_samples_per_second': '524.6', 'eval_steps_per_second': '65.57', 'epoch': '1'}
{'loss': '0.4936', 'grad_norm': '3.451', 'learning_rate': '1.607e-05', 'epoch': '2'}
{'eval_loss': '0.377', 'eval_accuracy': '0.87', 'eval_macro_f1': '0.5253', 'eval_weighted_f1': '0.8239', 'eval_runtime': '1.921', 'eval_samples_per_second': '524.6', 'eval_steps_per_second': '65.58', 'epoch': '2'}
{'loss': '0.3877', 'grad_norm': '3.751', 'learning_rate': '1.407e-05', 'epoch': '3'}
{'eval_loss': '0.4087', 'eval_accuracy': '0.87', 'eval_macro_f1': '0.5367', 'eval_weighted_f1': '0.8268', 'eval_runtime': '1.921', 'eval_samples_per_second': '524.6', 'eval_steps_per_second': '65.58', 'epoch': '3'}
{'train_runtime': '9.689', 'train_samples_per_second': '227.1', 'train_steps_per_second': '28.9', 'train_loss': '0.5049', 'epoch': '3'}

Evaluating on dev set...

Evaluating on test set...

Dev results:
{'eval_loss': 0.4087378680706024, 'eval_accuracy': 0.8700396825396826, 'eval_macro_f1': 0.5367370780840517, 'eval_weighted_f1': 0.8267688181015831, 'eval_runtime': 1.9211, 'eval_samples_per_second': 524.71, 'eval_steps_per_second': 65.589, 'epoch': 3.0}

Test results:
{'eval_loss': 0.3885144889354706, 'eval_accuracy': 0.875, 'eval_macro_f1': 0.567358395443583, 'eval_weighted_f1': 0.8366352822553174, 'eval_runtime': 1.92, 'eval_samples_per_second': 525.006, 'eval_steps_per_second': 65.626, 'epoch': 3.0}

===== ROUND 5 | actor_mixed_entropy =====
Labeled pool size: 250
Unlabeled pool size: 4454

Starting training...
{'loss': '0.6634', 'grad_norm': '9.751', 'learning_rate': '1.806e-05', 'epoch': '1'}
{'eval_loss': '0.3904', 'eval_accuracy': '0.87', 'eval_macro_f1': '0.4727', 'eval_weighted_f1': '0.8106', 'eval_runtime': '1.919', 'eval_samples_per_second': '525.3', 'eval_steps_per_second': '65.67', 'epoch': '1'}
{'loss': '0.5223', 'grad_norm': '11.03', 'learning_rate': '1.606e-05', 'epoch': '2'}
{'eval_loss': '0.3762', 'eval_accuracy': '0.8631', 'eval_macro_f1': '0.5316', 'eval_weighted_f1': '0.8224', 'eval_runtime': '1.918', 'eval_samples_per_second': '525.6', 'eval_steps_per_second': '65.7', 'epoch': '2'}
{'loss': '0.3889', 'grad_norm': '7.147', 'learning_rate': '1.406e-05', 'epoch': '3'}
{'eval_loss': '0.3742', 'eval_accuracy': '0.8621', 'eval_macro_f1': '0.5025', 'eval_weighted_f1': '0.8147', 'eval_runtime': '1.918', 'eval_samples_per_second': '525.6', 'eval_steps_per_second': '65.7', 'epoch': '3'}
{'loss': '0.2517', 'grad_norm': '3.348', 'learning_rate': '1.206e-05', 'epoch': '4'}
{'eval_loss': '0.3694', 'eval_accuracy': '0.8542', 'eval_macro_f1': '0.5938', 'eval_weighted_f1': '0.8338', 'eval_runtime': '1.919', 'eval_samples_per_second': '525.3', 'eval_steps_per_second': '65.67', 'epoch': '4'}
{'loss': '0.1706', 'grad_norm': '1.963', 'learning_rate': '1.006e-05', 'epoch': '5'}
{'eval_loss': '0.4298', 'eval_accuracy': '0.8621', 'eval_macro_f1': '0.49', 'eval_weighted_f1': '0.8115', 'eval_runtime': '1.919', 'eval_samples_per_second': '525.4', 'eval_steps_per_second': '65.68', 'epoch': '5'}
{'loss': '0.1085', 'grad_norm': '1.196', 'learning_rate': '8.063e-06', 'epoch': '6'}
{'eval_loss': '0.4289', 'eval_accuracy': '0.8661', 'eval_macro_f1': '0.5732', 'eval_weighted_f1': '0.8342', 'eval_runtime': '1.918', 'eval_samples_per_second': '525.4', 'eval_steps_per_second': '65.68', 'epoch': '6'}
{'train_runtime': '20.35', 'train_samples_per_second': '122.8', 'train_steps_per_second': '15.72', 'train_loss': '0.3509', 'epoch': '6'}

Evaluating on dev set...

Evaluating on test set...

Dev results:
{'eval_loss': 0.42892539501190186, 'eval_accuracy': 0.8660714285714286, 'eval_macro_f1': 0.5732015217711761, 'eval_weighted_f1': 0.8341538698662514, 'eval_runtime': 1.9184, 'eval_samples_per_second': 525.437, 'eval_steps_per_second': 65.68, 'epoch': 6.0}

Test results:
{'eval_loss': 0.39454373717308044, 'eval_accuracy': 0.871031746031746, 'eval_macro_f1': 0.5994669340147449, 'eval_weighted_f1': 0.8428937052685387, 'eval_runtime': 1.9187, 'eval_samples_per_second': 525.366, 'eval_steps_per_second': 65.671, 'epoch': 6.0}

===== ROUND 6 | actor_mixed_entropy =====
Labeled pool size: 280
Unlabeled pool size: 4424

Starting training...
{'loss': '0.652', 'grad_norm': '6.329', 'learning_rate': '1.806e-05', 'epoch': '1'}
{'eval_loss': '0.3976', 'eval_accuracy': '0.871', 'eval_macro_f1': '0.5011', 'eval_weighted_f1': '0.8182', 'eval_runtime': '1.92', 'eval_samples_per_second': '525', 'eval_steps_per_second': '65.63', 'epoch': '1'}
{'loss': '0.5127', 'grad_norm': '9.738', 'learning_rate': '1.606e-05', 'epoch': '2'}
{'eval_loss': '0.351', 'eval_accuracy': '0.8681', 'eval_macro_f1': '0.561', 'eval_weighted_f1': '0.832', 'eval_runtime': '1.918', 'eval_samples_per_second': '525.5', 'eval_steps_per_second': '65.69', 'epoch': '2'}
{'loss': '0.3685', 'grad_norm': '7.389', 'learning_rate': '1.406e-05', 'epoch': '3'}
{'eval_loss': '0.3636', 'eval_accuracy': '0.873', 'eval_macro_f1': '0.5974', 'eval_weighted_f1': '0.8433', 'eval_runtime': '1.918', 'eval_samples_per_second': '525.5', 'eval_steps_per_second': '65.68', 'epoch': '3'}
{'loss': '0.2701', 'grad_norm': '5.172', 'learning_rate': '1.206e-05', 'epoch': '4'}
{'eval_loss': '0.4013', 'eval_accuracy': '0.869', 'eval_macro_f1': '0.5414', 'eval_weighted_f1': '0.8275', 'eval_runtime': '1.919', 'eval_samples_per_second': '525.4', 'eval_steps_per_second': '65.67', 'epoch': '4'}
{'loss': '0.1987', 'grad_norm': '3.149', 'learning_rate': '1.006e-05', 'epoch': '5'}
{'eval_loss': '0.4178', 'eval_accuracy': '0.8681', 'eval_macro_f1': '0.5751', 'eval_weighted_f1': '0.8355', 'eval_runtime': '1.919', 'eval_samples_per_second': '525.2', 'eval_steps_per_second': '65.65', 'epoch': '5'}
{'train_runtime': '17.81', 'train_samples_per_second': '157.3', 'train_steps_per_second': '19.66', 'train_loss': '0.4004', 'epoch': '5'}

Evaluating on dev set...

Evaluating on test set...

Dev results:
{'eval_loss': 0.4178387522697449, 'eval_accuracy': 0.8680555555555556, 'eval_macro_f1': 0.5750677506775068, 'eval_weighted_f1': 0.8355013550135502, 'eval_runtime': 1.9181, 'eval_samples_per_second': 525.518, 'eval_steps_per_second': 65.69, 'epoch': 5.0}

Test results:
{'eval_loss': 0.3773094713687897, 'eval_accuracy': 0.878968253968254, 'eval_macro_f1': 0.6241151226907606, 'eval_weighted_f1': 0.8525617849443209, 'eval_runtime': 1.9179, 'eval_samples_per_second': 525.57, 'eval_steps_per_second': 65.696, 'epoch': 5.0}

===== ROUND 7 | actor_mixed_entropy =====
Labeled pool size: 310
Unlabeled pool size: 4394

Starting training...
{'loss': '0.6708', 'grad_norm': '5.349', 'learning_rate': '1.805e-05', 'epoch': '1'}
{'eval_loss': '0.4553', 'eval_accuracy': '0.8641', 'eval_macro_f1': '0.5036', 'eval_weighted_f1': '0.8158', 'eval_runtime': '1.919', 'eval_samples_per_second': '525.2', 'eval_steps_per_second': '65.65', 'epoch': '1'}
{'loss': '0.5823', 'grad_norm': '5.807', 'learning_rate': '1.605e-05', 'epoch': '2'}
{'eval_loss': '0.3681', 'eval_accuracy': '0.8651', 'eval_macro_f1': '0.5852', 'eval_weighted_f1': '0.8367', 'eval_runtime': '1.918', 'eval_samples_per_second': '525.5', 'eval_steps_per_second': '65.68', 'epoch': '2'}
{'loss': '0.4528', 'grad_norm': '4.841', 'learning_rate': '1.405e-05', 'epoch': '3'}
{'eval_loss': '0.3705', 'eval_accuracy': '0.8423', 'eval_macro_f1': '0.6171', 'eval_weighted_f1': '0.8338', 'eval_runtime': '1.918', 'eval_samples_per_second': '525.6', 'eval_steps_per_second': '65.7', 'epoch': '3'}
{'loss': '0.3517', 'grad_norm': '6.512', 'learning_rate': '1.205e-05', 'epoch': '4'}
{'eval_loss': '0.3666', 'eval_accuracy': '0.87', 'eval_macro_f1': '0.5133', 'eval_weighted_f1': '0.8208', 'eval_runtime': '1.92', 'eval_samples_per_second': '525.1', 'eval_steps_per_second': '65.64', 'epoch': '4'}
{'loss': '0.2445', 'grad_norm': '5.837', 'learning_rate': '1.005e-05', 'epoch': '5'}
{'eval_loss': '0.3637', 'eval_accuracy': '0.871', 'eval_macro_f1': '0.5824', 'eval_weighted_f1': '0.8387', 'eval_runtime': '1.919', 'eval_samples_per_second': '525.4', 'eval_steps_per_second': '65.67', 'epoch': '5'}
{'train_runtime': '18.7', 'train_samples_per_second': '165.8', 'train_steps_per_second': '20.86', 'train_loss': '0.4604', 'epoch': '5'}

Evaluating on dev set...

Evaluating on test set...

Dev results:
{'eval_loss': 0.3636632263660431, 'eval_accuracy': 0.871031746031746, 'eval_macro_f1': 0.5824357912178956, 'eval_weighted_f1': 0.8386594074249417, 'eval_runtime': 1.9182, 'eval_samples_per_second': 525.501, 'eval_steps_per_second': 65.688, 'epoch': 5.0}

Test results:
{'eval_loss': 0.34137794375419617, 'eval_accuracy': 0.8799603174603174, 'eval_macro_f1': 0.6174621046986096, 'eval_weighted_f1': 0.8513527278060474, 'eval_runtime': 1.9173, 'eval_samples_per_second': 525.74, 'eval_steps_per_second': 65.717, 'epoch': 5.0}

===== ROUND 8 | actor_mixed_entropy =====
Labeled pool size: 340
Unlabeled pool size: 4364

Starting training...
{'loss': '0.6873', 'grad_norm': '5.471', 'learning_rate': '1.805e-05', 'epoch': '1'}
{'eval_loss': '0.5545', 'eval_accuracy': '0.8194', 'eval_macro_f1': '0.5727', 'eval_weighted_f1': '0.8124', 'eval_runtime': '1.919', 'eval_samples_per_second': '525.2', 'eval_steps_per_second': '65.65', 'epoch': '1'}
{'loss': '0.6042', 'grad_norm': '11.88', 'learning_rate': '1.605e-05', 'epoch': '2'}
{'eval_loss': '0.3895', 'eval_accuracy': '0.8601', 'eval_macro_f1': '0.5634', 'eval_weighted_f1': '0.8291', 'eval_runtime': '1.92', 'eval_samples_per_second': '525.1', 'eval_steps_per_second': '65.64', 'epoch': '2'}
{'loss': '0.4962', 'grad_norm': '11.03', 'learning_rate': '1.405e-05', 'epoch': '3'}
{'eval_loss': '0.3787', 'eval_accuracy': '0.8462', 'eval_macro_f1': '0.5388', 'eval_weighted_f1': '0.8167', 'eval_runtime': '1.92', 'eval_samples_per_second': '525.1', 'eval_steps_per_second': '65.64', 'epoch': '3'}
{'train_runtime': '11.78', 'train_samples_per_second': '288.7', 'train_steps_per_second': '36.52', 'train_loss': '0.5959', 'epoch': '3'}

Evaluating on dev set...

Evaluating on test set...

Dev results:
{'eval_loss': 0.3786758780479431, 'eval_accuracy': 0.8462301587301587, 'eval_macro_f1': 0.5387544835933695, 'eval_weighted_f1': 0.8167154827449749, 'eval_runtime': 1.9215, 'eval_samples_per_second': 524.583, 'eval_steps_per_second': 65.573, 'epoch': 3.0}

Test results:
{'eval_loss': 0.3766609728336334, 'eval_accuracy': 0.8482142857142857, 'eval_macro_f1': 0.6017096445127383, 'eval_weighted_f1': 0.8329825991835469, 'eval_runtime': 1.9229, 'eval_samples_per_second': 524.199, 'eval_steps_per_second': 65.525, 'epoch': 3.0}

===== ROUND 9 | actor_mixed_entropy =====
Labeled pool size: 370
Unlabeled pool size: 4334

Starting training...
{'loss': '0.6799', 'grad_norm': '9.81', 'learning_rate': '1.804e-05', 'epoch': '1'}
{'eval_loss': '0.4415', 'eval_accuracy': '0.8403', 'eval_macro_f1': '0.5941', 'eval_weighted_f1': '0.8274', 'eval_runtime': '1.92', 'eval_samples_per_second': '524.9', 'eval_steps_per_second': '65.61', 'epoch': '1'}
{'loss': '0.562', 'grad_norm': '5.148', 'learning_rate': '1.604e-05', 'epoch': '2'}
{'eval_loss': '0.3638', 'eval_accuracy': '0.872', 'eval_macro_f1': '0.5207', 'eval_weighted_f1': '0.8236', 'eval_runtime': '1.921', 'eval_samples_per_second': '524.8', 'eval_steps_per_second': '65.6', 'epoch': '2'}
{'loss': '0.4049', 'grad_norm': '11.93', 'learning_rate': '1.404e-05', 'epoch': '3'}
{'eval_loss': '0.3381', 'eval_accuracy': '0.869', 'eval_macro_f1': '0.64', 'eval_weighted_f1': '0.852', 'eval_runtime': '1.919', 'eval_samples_per_second': '525.2', 'eval_steps_per_second': '65.65', 'epoch': '3'}
{'loss': '0.2664', 'grad_norm': '19.94', 'learning_rate': '1.204e-05', 'epoch': '4'}
{'eval_loss': '0.3624', 'eval_accuracy': '0.8681', 'eval_macro_f1': '0.5511', 'eval_weighted_f1': '0.8295', 'eval_runtime': '1.921', 'eval_samples_per_second': '524.8', 'eval_steps_per_second': '65.6', 'epoch': '4'}
{'loss': '0.1749', 'grad_norm': '10.14', 'learning_rate': '1.004e-05', 'epoch': '5'}
{'eval_loss': '0.3706', 'eval_accuracy': '0.872', 'eval_macro_f1': '0.6338', 'eval_weighted_f1': '0.8518', 'eval_runtime': '1.919', 'eval_samples_per_second': '525.3', 'eval_steps_per_second': '65.67', 'epoch': '5'}
{'train_runtime': '20.51', 'train_samples_per_second': '180.4', 'train_steps_per_second': '22.92', 'train_loss': '0.4176', 'epoch': '5'}

Evaluating on dev set...

Evaluating on test set...

Dev results:
{'eval_loss': 0.3706100583076477, 'eval_accuracy': 0.8720238095238095, 'eval_macro_f1': 0.6338106703839818, 'eval_weighted_f1': 0.8518064582314995, 'eval_runtime': 1.919, 'eval_samples_per_second': 525.28, 'eval_steps_per_second': 65.66, 'epoch': 5.0}

Test results:
{'eval_loss': 0.3620235025882721, 'eval_accuracy': 0.8680555555555556, 'eval_macro_f1': 0.6325151103984211, 'eval_weighted_f1': 0.8496676397626195, 'eval_runtime': 1.9186, 'eval_samples_per_second': 525.382, 'eval_steps_per_second': 65.673, 'epoch': 5.0}

===== ROUND 10 | actor_mixed_entropy =====
Labeled pool size: 400
Unlabeled pool size: 4304

Starting training...
{'loss': '0.6758', 'grad_norm': '5.667', 'learning_rate': '1.804e-05', 'epoch': '1'}
{'eval_loss': '0.4816', 'eval_accuracy': '0.7877', 'eval_macro_f1': '0.6005', 'eval_weighted_f1': '0.8023', 'eval_runtime': '1.923', 'eval_samples_per_second': '524.2', 'eval_steps_per_second': '65.53', 'epoch': '1'}
{'loss': '0.5399', 'grad_norm': '9.253', 'learning_rate': '1.604e-05', 'epoch': '2'}
{'eval_loss': '0.3564', 'eval_accuracy': '0.875', 'eval_macro_f1': '0.6037', 'eval_weighted_f1': '0.8457', 'eval_runtime': '1.921', 'eval_samples_per_second': '524.8', 'eval_steps_per_second': '65.6', 'epoch': '2'}
{'loss': '0.3573', 'grad_norm': '9.682', 'learning_rate': '1.404e-05', 'epoch': '3'}
{'eval_loss': '0.3385', 'eval_accuracy': '0.876', 'eval_macro_f1': '0.558', 'eval_weighted_f1': '0.8347', 'eval_runtime': '1.92', 'eval_samples_per_second': '524.9', 'eval_steps_per_second': '65.61', 'epoch': '3'}
{'loss': '0.226', 'grad_norm': '14.82', 'learning_rate': '1.204e-05', 'epoch': '4'}
{'eval_loss': '0.3345', 'eval_accuracy': '0.877', 'eval_macro_f1': '0.6292', 'eval_weighted_f1': '0.8529', 'eval_runtime': '1.921', 'eval_samples_per_second': '524.8', 'eval_steps_per_second': '65.6', 'epoch': '4'}
{'loss': '0.1452', 'grad_norm': '8.815', 'learning_rate': '1.004e-05', 'epoch': '5'}
{'eval_loss': '0.3508', 'eval_accuracy': '0.874', 'eval_macro_f1': '0.6639', 'eval_weighted_f1': '0.86', 'eval_runtime': '1.921', 'eval_samples_per_second': '524.9', 'eval_steps_per_second': '65.61', 'epoch': '5'}
{'loss': '0.1075', 'grad_norm': '1.74', 'learning_rate': '8.04e-06', 'epoch': '6'}
{'eval_loss': '0.3921', 'eval_accuracy': '0.872', 'eval_macro_f1': '0.6161', 'eval_weighted_f1': '0.8475', 'eval_runtime': '1.921', 'eval_samples_per_second': '524.7', 'eval_steps_per_second': '65.58', 'epoch': '6'}
{'loss': '0.07211', 'grad_norm': '0.625', 'learning_rate': '6.04e-06', 'epoch': '7'}
{'eval_loss': '0.3853', 'eval_accuracy': '0.8681', 'eval_macro_f1': '0.6538', 'eval_weighted_f1': '0.8548', 'eval_runtime': '1.921', 'eval_samples_per_second': '524.8', 'eval_steps_per_second': '65.59', 'epoch': '7'}
{'train_runtime': '29.85', 'train_samples_per_second': '134', 'train_steps_per_second': '16.75', 'train_loss': '0.3034', 'epoch': '7'}

Evaluating on dev set...

Evaluating on test set...

Dev results:
{'eval_loss': 0.38526231050491333, 'eval_accuracy': 0.8680555555555556, 'eval_macro_f1': 0.6537737432692432, 'eval_weighted_f1': 0.8548149391595539, 'eval_runtime': 1.9202, 'eval_samples_per_second': 524.943, 'eval_steps_per_second': 65.618, 'epoch': 7.0}

Test results:
{'eval_loss': 0.39726728200912476, 'eval_accuracy': 0.8640873015873016, 'eval_macro_f1': 0.6462550879520881, 'eval_weighted_f1': 0.8511440474269286, 'eval_runtime': 1.9202, 'eval_samples_per_second': 524.948, 'eval_steps_per_second': 65.618, 'epoch': 7.0}

===== ROUND 11 | actor_mixed_entropy =====
Labeled pool size: 430
Unlabeled pool size: 4274

Starting training...
{'loss': '0.657', 'grad_norm': '4.674', 'learning_rate': '1.804e-05', 'epoch': '1'}
{'eval_loss': '0.4765', 'eval_accuracy': '0.7599', 'eval_macro_f1': '0.6212', 'eval_weighted_f1': '0.7904', 'eval_runtime': '1.919', 'eval_samples_per_second': '525.2', 'eval_steps_per_second': '65.66', 'epoch': '1'}
{'loss': '0.5368', 'grad_norm': '9.044', 'learning_rate': '1.604e-05', 'epoch': '2'}
{'eval_loss': '0.3483', 'eval_accuracy': '0.8641', 'eval_macro_f1': '0.628', 'eval_weighted_f1': '0.8467', 'eval_runtime': '1.919', 'eval_samples_per_second': '525.2', 'eval_steps_per_second': '65.65', 'epoch': '2'}
{'loss': '0.3747', 'grad_norm': '10.52', 'learning_rate': '1.404e-05', 'epoch': '3'}
{'eval_loss': '0.3457', 'eval_accuracy': '0.874', 'eval_macro_f1': '0.5714', 'eval_weighted_f1': '0.8372', 'eval_runtime': '1.919', 'eval_samples_per_second': '525.4', 'eval_steps_per_second': '65.67', 'epoch': '3'}
{'loss': '0.2423', 'grad_norm': '11.47', 'learning_rate': '1.204e-05', 'epoch': '4'}
{'eval_loss': '0.342', 'eval_accuracy': '0.871', 'eval_macro_f1': '0.6223', 'eval_weighted_f1': '0.8485', 'eval_runtime': '1.918', 'eval_samples_per_second': '525.4', 'eval_steps_per_second': '65.68', 'epoch': '4'}
{'train_runtime': '17.75', 'train_samples_per_second': '242.2', 'train_steps_per_second': '30.42', 'train_loss': '0.4527', 'epoch': '4'}

Evaluating on dev set...

Evaluating on test set...

Dev results:
{'eval_loss': 0.34196606278419495, 'eval_accuracy': 0.871031746031746, 'eval_macro_f1': 0.6222978036548106, 'eval_weighted_f1': 0.8485301424426346, 'eval_runtime': 1.9197, 'eval_samples_per_second': 525.072, 'eval_steps_per_second': 65.634, 'epoch': 4.0}

Test results:
{'eval_loss': 0.3354952335357666, 'eval_accuracy': 0.8799603174603174, 'eval_macro_f1': 0.6596333680300718, 'eval_weighted_f1': 0.8617582143631208, 'eval_runtime': 1.9189, 'eval_samples_per_second': 525.309, 'eval_steps_per_second': 65.664, 'epoch': 4.0}

===== ROUND 12 | actor_mixed_entropy =====
Labeled pool size: 460
Unlabeled pool size: 4244

Starting training...
{'loss': '0.6681', 'grad_norm': '8.094', 'learning_rate': '1.803e-05', 'epoch': '1'}
{'eval_loss': '0.4526', 'eval_accuracy': '0.7837', 'eval_macro_f1': '0.561', 'eval_weighted_f1': '0.7918', 'eval_runtime': '1.918', 'eval_samples_per_second': '525.5', 'eval_steps_per_second': '65.68', 'epoch': '1'}
{'loss': '0.5646', 'grad_norm': '11.91', 'learning_rate': '1.603e-05', 'epoch': '2'}
{'eval_loss': '0.39', 'eval_accuracy': '0.8581', 'eval_macro_f1': '0.6183', 'eval_weighted_f1': '0.8416', 'eval_runtime': '1.919', 'eval_samples_per_second': '525.4', 'eval_steps_per_second': '65.68', 'epoch': '2'}
{'loss': '0.3649', 'grad_norm': '9.206', 'learning_rate': '1.403e-05', 'epoch': '3'}
{'eval_loss': '0.3545', 'eval_accuracy': '0.8591', 'eval_macro_f1': '0.6434', 'eval_weighted_f1': '0.8481', 'eval_runtime': '1.919', 'eval_samples_per_second': '525.4', 'eval_steps_per_second': '65.67', 'epoch': '3'}
{'loss': '0.2069', 'grad_norm': '6.305', 'learning_rate': '1.203e-05', 'epoch': '4'}
{'eval_loss': '0.372', 'eval_accuracy': '0.869', 'eval_macro_f1': '0.64', 'eval_weighted_f1': '0.852', 'eval_runtime': '1.918', 'eval_samples_per_second': '525.5', 'eval_steps_per_second': '65.69', 'epoch': '4'}
{'loss': '0.145', 'grad_norm': '2.744', 'learning_rate': '1.003e-05', 'epoch': '5'}
{'eval_loss': '0.3869', 'eval_accuracy': '0.8661', 'eval_macro_f1': '0.657', 'eval_weighted_f1': '0.8546', 'eval_runtime': '1.921', 'eval_samples_per_second': '524.8', 'eval_steps_per_second': '65.6', 'epoch': '5'}
{'loss': '0.08384', 'grad_norm': '2.69', 'learning_rate': '8.034e-06', 'epoch': '6'}
{'eval_loss': '0.4198', 'eval_accuracy': '0.877', 'eval_macro_f1': '0.6363', 'eval_weighted_f1': '0.8547', 'eval_runtime': '1.918', 'eval_samples_per_second': '525.6', 'eval_steps_per_second': '65.7', 'epoch': '6'}
{'loss': '0.05815', 'grad_norm': '3.841', 'learning_rate': '6.034e-06', 'epoch': '7'}
{'eval_loss': '0.4435', 'eval_accuracy': '0.875', 'eval_macro_f1': '0.6503', 'eval_weighted_f1': '0.8572', 'eval_runtime': '1.92', 'eval_samples_per_second': '525', 'eval_steps_per_second': '65.62', 'epoch': '7'}
{'train_runtime': '32.32', 'train_samples_per_second': '142.3', 'train_steps_per_second': '17.94', 'train_loss': '0.2988', 'epoch': '7'}

Evaluating on dev set...

Evaluating on test set...

Dev results:
{'eval_loss': 0.44352781772613525, 'eval_accuracy': 0.875, 'eval_macro_f1': 0.6503083700440528, 'eval_weighted_f1': 0.8572026431718062, 'eval_runtime': 1.9201, 'eval_samples_per_second': 524.974, 'eval_steps_per_second': 65.622, 'epoch': 7.0}

Test results:
{'eval_loss': 0.38723501563072205, 'eval_accuracy': 0.8759920634920635, 'eval_macro_f1': 0.6606106315066465, 'eval_weighted_f1': 0.8601670267708436, 'eval_runtime': 1.9175, 'eval_samples_per_second': 525.693, 'eval_steps_per_second': 65.712, 'epoch': 7.0}

===== ROUND 13 | actor_mixed_entropy =====
Labeled pool size: 490
Unlabeled pool size: 4214

Starting training...
{'loss': '0.6625', 'grad_norm': '6.859', 'learning_rate': '1.803e-05', 'epoch': '1'}
{'eval_loss': '0.4193', 'eval_accuracy': '0.8601', 'eval_macro_f1': '0.5294', 'eval_weighted_f1': '0.8206', 'eval_runtime': '1.924', 'eval_samples_per_second': '524', 'eval_steps_per_second': '65.5', 'epoch': '1'}
{'loss': '0.5118', 'grad_norm': '5.681', 'learning_rate': '1.603e-05', 'epoch': '2'}
{'eval_loss': '0.3467', 'eval_accuracy': '0.869', 'eval_macro_f1': '0.5891', 'eval_weighted_f1': '0.8394', 'eval_runtime': '1.924', 'eval_samples_per_second': '523.9', 'eval_steps_per_second': '65.49', 'epoch': '2'}
{'loss': '0.3112', 'grad_norm': '8.296', 'learning_rate': '1.403e-05', 'epoch': '3'}
{'eval_loss': '0.3573', 'eval_accuracy': '0.873', 'eval_macro_f1': '0.5974', 'eval_weighted_f1': '0.8433', 'eval_runtime': '1.924', 'eval_samples_per_second': '523.8', 'eval_steps_per_second': '65.48', 'epoch': '3'}
{'loss': '0.1845', 'grad_norm': '1.84', 'learning_rate': '1.203e-05', 'epoch': '4'}
{'eval_loss': '0.39', 'eval_accuracy': '0.87', 'eval_macro_f1': '0.6176', 'eval_weighted_f1': '0.8469', 'eval_runtime': '1.923', 'eval_samples_per_second': '524.1', 'eval_steps_per_second': '65.51', 'epoch': '4'}
{'loss': '0.1249', 'grad_norm': '32.29', 'learning_rate': '1.003e-05', 'epoch': '5'}
{'eval_loss': '0.3867', 'eval_accuracy': '0.8552', 'eval_macro_f1': '0.6954', 'eval_weighted_f1': '0.8582', 'eval_runtime': '1.924', 'eval_samples_per_second': '524', 'eval_steps_per_second': '65.5', 'epoch': '5'}
{'loss': '0.08471', 'grad_norm': '1.607', 'learning_rate': '8.032e-06', 'epoch': '6'}
{'eval_loss': '0.4588', 'eval_accuracy': '0.8681', 'eval_macro_f1': '0.6117', 'eval_weighted_f1': '0.8446', 'eval_runtime': '1.924', 'eval_samples_per_second': '524', 'eval_steps_per_second': '65.5', 'epoch': '6'}
{'loss': '0.06124', 'grad_norm': '1.034', 'learning_rate': '6.032e-06', 'epoch': '7'}
{'eval_loss': '0.4898', 'eval_accuracy': '0.87', 'eval_macro_f1': '0.5858', 'eval_weighted_f1': '0.8391', 'eval_runtime': '1.924', 'eval_samples_per_second': '524', 'eval_steps_per_second': '65.5', 'epoch': '7'}
{'train_runtime': '33.61', 'train_samples_per_second': '145.8', 'train_steps_per_second': '18.44', 'train_loss': '0.2773', 'epoch': '7'}

Evaluating on dev set...

Evaluating on test set...

Dev results:
{'eval_loss': 0.48982590436935425, 'eval_accuracy': 0.8700396825396826, 'eval_macro_f1': 0.5858474026075857, 'eval_weighted_f1': 0.8390678292776218, 'eval_runtime': 1.9235, 'eval_samples_per_second': 524.058, 'eval_steps_per_second': 65.507, 'epoch': 7.0}

Test results:
{'eval_loss': 0.4468030631542206, 'eval_accuracy': 0.8819444444444444, 'eval_macro_f1': 0.6197974611325061, 'eval_weighted_f1': 0.852817001854229, 'eval_runtime': 1.9234, 'eval_samples_per_second': 524.085, 'eval_steps_per_second': 65.511, 'epoch': 7.0}

===== ROUND 14 | actor_mixed_entropy =====
Labeled pool size: 520
Unlabeled pool size: 4184

Starting training...
{'loss': '0.6666', 'grad_norm': '4.475', 'learning_rate': '1.803e-05', 'epoch': '1'}
{'eval_loss': '0.4709', 'eval_accuracy': '0.8125', 'eval_macro_f1': '0.6349', 'eval_weighted_f1': '0.8229', 'eval_runtime': '1.921', 'eval_samples_per_second': '524.7', 'eval_steps_per_second': '65.59', 'epoch': '1'}
{'loss': '0.537', 'grad_norm': '5.358', 'learning_rate': '1.603e-05', 'epoch': '2'}
{'eval_loss': '0.3347', 'eval_accuracy': '0.869', 'eval_macro_f1': '0.6785', 'eval_weighted_f1': '0.8612', 'eval_runtime': '1.921', 'eval_samples_per_second': '524.9', 'eval_steps_per_second': '65.61', 'epoch': '2'}
{'loss': '0.3595', 'grad_norm': '6.053', 'learning_rate': '1.403e-05', 'epoch': '3'}
{'eval_loss': '0.3373', 'eval_accuracy': '0.874', 'eval_macro_f1': '0.6067', 'eval_weighted_f1': '0.846', 'eval_runtime': '1.921', 'eval_samples_per_second': '524.8', 'eval_steps_per_second': '65.6', 'epoch': '3'}
{'loss': '0.2185', 'grad_norm': '8.197', 'learning_rate': '1.203e-05', 'epoch': '4'}
{'eval_loss': '0.3511', 'eval_accuracy': '0.873', 'eval_macro_f1': '0.6448', 'eval_weighted_f1': '0.8549', 'eval_runtime': '1.921', 'eval_samples_per_second': '524.8', 'eval_steps_per_second': '65.6', 'epoch': '4'}
{'train_runtime': '19.87', 'train_samples_per_second': '261.7', 'train_steps_per_second': '32.71', 'train_loss': '0.4454', 'epoch': '4'}

Evaluating on dev set...

Evaluating on test set...

Dev results:
{'eval_loss': 0.3510678708553314, 'eval_accuracy': 0.873015873015873, 'eval_macro_f1': 0.6447577092511013, 'eval_weighted_f1': 0.8549360184602476, 'eval_runtime': 1.9204, 'eval_samples_per_second': 524.904, 'eval_steps_per_second': 65.613, 'epoch': 4.0}

Test results:
{'eval_loss': 0.32625913619995117, 'eval_accuracy': 0.8839285714285714, 'eval_macro_f1': 0.6795556992601327, 'eval_weighted_f1': 0.8684419314257456, 'eval_runtime': 1.9203, 'eval_samples_per_second': 524.929, 'eval_steps_per_second': 65.616, 'epoch': 4.0}

===== ROUND 15 | actor_mixed_entropy =====
Labeled pool size: 550
Unlabeled pool size: 4154

Starting training...
{'loss': '0.6654', 'grad_norm': '12.3', 'learning_rate': '1.803e-05', 'epoch': '1'}
{'eval_loss': '0.4082', 'eval_accuracy': '0.873', 'eval_macro_f1': '0.6172', 'eval_weighted_f1': '0.8482', 'eval_runtime': '1.921', 'eval_samples_per_second': '524.8', 'eval_steps_per_second': '65.6', 'epoch': '1'}
{'loss': '0.5197', 'grad_norm': '8.818', 'learning_rate': '1.603e-05', 'epoch': '2'}
{'eval_loss': '0.3309', 'eval_accuracy': '0.871', 'eval_macro_f1': '0.6074', 'eval_weighted_f1': '0.8449', 'eval_runtime': '1.92', 'eval_samples_per_second': '525', 'eval_steps_per_second': '65.62', 'epoch': '2'}
{'loss': '0.343', 'grad_norm': '12.21', 'learning_rate': '1.403e-05', 'epoch': '3'}
{'eval_loss': '0.3496', 'eval_accuracy': '0.8542', 'eval_macro_f1': '0.7031', 'eval_weighted_f1': '0.8594', 'eval_runtime': '1.92', 'eval_samples_per_second': '525', 'eval_steps_per_second': '65.62', 'epoch': '3'}
{'loss': '0.2213', 'grad_norm': '3.099', 'learning_rate': '1.203e-05', 'epoch': '4'}
{'eval_loss': '0.3849', 'eval_accuracy': '0.872', 'eval_macro_f1': '0.5789', 'eval_weighted_f1': '0.8382', 'eval_runtime': '1.923', 'eval_samples_per_second': '524.2', 'eval_steps_per_second': '65.53', 'epoch': '4'}
{'loss': '0.142', 'grad_norm': '7.764', 'learning_rate': '1.003e-05', 'epoch': '5'}
{'eval_loss': '0.3504', 'eval_accuracy': '0.8681', 'eval_macro_f1': '0.642', 'eval_weighted_f1': '0.852', 'eval_runtime': '1.92', 'eval_samples_per_second': '525.1', 'eval_steps_per_second': '65.64', 'epoch': '5'}
{'train_runtime': '25.7', 'train_samples_per_second': '214', 'train_steps_per_second': '26.85', 'train_loss': '0.3783', 'epoch': '5'}

Evaluating on dev set...

Evaluating on test set...

Dev results:
{'eval_loss': 0.3503943085670471, 'eval_accuracy': 0.8680555555555556, 'eval_macro_f1': 0.6419833201144038, 'eval_weighted_f1': 0.8519680182020654, 'eval_runtime': 1.9192, 'eval_samples_per_second': 525.218, 'eval_steps_per_second': 65.652, 'epoch': 5.0}

Test results:
{'eval_loss': 0.33628228306770325, 'eval_accuracy': 0.8690476190476191, 'eval_macro_f1': 0.6760893909148449, 'eval_weighted_f1': 0.8606149972526135, 'eval_runtime': 1.9212, 'eval_samples_per_second': 524.685, 'eval_steps_per_second': 65.586, 'epoch': 5.0}

===== ROUND 16 | actor_mixed_entropy =====
Labeled pool size: 580
Unlabeled pool size: 4124

Starting training...
{'loss': '0.6557', 'grad_norm': '7.654', 'learning_rate': '1.803e-05', 'epoch': '1'}
{'eval_loss': '0.3982', 'eval_accuracy': '0.8671', 'eval_macro_f1': '0.5602', 'eval_weighted_f1': '0.8313', 'eval_runtime': '1.926', 'eval_samples_per_second': '523.4', 'eval_steps_per_second': '65.42', 'epoch': '1'}
{'loss': '0.581', 'grad_norm': '6.627', 'learning_rate': '1.603e-05', 'epoch': '2'}
{'eval_loss': '0.398', 'eval_accuracy': '0.8264', 'eval_macro_f1': '0.6124', 'eval_weighted_f1': '0.825', 'eval_runtime': '1.921', 'eval_samples_per_second': '524.8', 'eval_steps_per_second': '65.59', 'epoch': '2'}
{'loss': '0.4512', 'grad_norm': '5.555', 'learning_rate': '1.403e-05', 'epoch': '3'}
{'eval_loss': '0.3339', 'eval_accuracy': '0.871', 'eval_macro_f1': '0.5868', 'eval_weighted_f1': '0.8398', 'eval_runtime': '1.923', 'eval_samples_per_second': '524.2', 'eval_steps_per_second': '65.53', 'epoch': '3'}
{'loss': '0.2729', 'grad_norm': '3.512', 'learning_rate': '1.203e-05', 'epoch': '4'}
{'eval_loss': '0.3421', 'eval_accuracy': '0.8621', 'eval_macro_f1': '0.6321', 'eval_weighted_f1': '0.8468', 'eval_runtime': '1.921', 'eval_samples_per_second': '524.7', 'eval_steps_per_second': '65.59', 'epoch': '4'}
{'loss': '0.1902', 'grad_norm': '4.694', 'learning_rate': '1.003e-05', 'epoch': '5'}
{'eval_loss': '0.4144', 'eval_accuracy': '0.8681', 'eval_macro_f1': '0.5352', 'eval_weighted_f1': '0.8255', 'eval_runtime': '1.921', 'eval_samples_per_second': '524.6', 'eval_steps_per_second': '65.58', 'epoch': '5'}
{'loss': '0.1506', 'grad_norm': '9.172', 'learning_rate': '8.027e-06', 'epoch': '6'}
{'eval_loss': '0.384', 'eval_accuracy': '0.87', 'eval_macro_f1': '0.6063', 'eval_weighted_f1': '0.8441', 'eval_runtime': '1.921', 'eval_samples_per_second': '524.6', 'eval_steps_per_second': '65.58', 'epoch': '6'}
{'train_runtime': '31.92', 'train_samples_per_second': '181.7', 'train_steps_per_second': '22.87', 'train_loss': '0.3836', 'epoch': '6'}

Evaluating on dev set...

Evaluating on test set...

Dev results:
{'eval_loss': 0.3839700222015381, 'eval_accuracy': 0.8700396825396826, 'eval_macro_f1': 0.6063427329559175, 'eval_weighted_f1': 0.8441494365805493, 'eval_runtime': 1.9216, 'eval_samples_per_second': 524.554, 'eval_steps_per_second': 65.569, 'epoch': 6.0}

Test results:
{'eval_loss': 0.3484140932559967, 'eval_accuracy': 0.8869047619047619, 'eval_macro_f1': 0.6656268913822804, 'eval_weighted_f1': 0.8663960812221906, 'eval_runtime': 1.9214, 'eval_samples_per_second': 524.606, 'eval_steps_per_second': 65.576, 'epoch': 6.0}

===== ROUND 17 | actor_mixed_entropy =====
Labeled pool size: 610
Unlabeled pool size: 4094

Starting training...
{'loss': '0.6491', 'grad_norm': '10.18', 'learning_rate': '1.803e-05', 'epoch': '1'}
{'eval_loss': '0.4171', 'eval_accuracy': '0.8423', 'eval_macro_f1': '0.6732', 'eval_weighted_f1': '0.8467', 'eval_runtime': '1.922', 'eval_samples_per_second': '524.5', 'eval_steps_per_second': '65.56', 'epoch': '1'}
{'loss': '0.5136', 'grad_norm': '23.23', 'learning_rate': '1.603e-05', 'epoch': '2'}
{'eval_loss': '0.3695', 'eval_accuracy': '0.8552', 'eval_macro_f1': '0.6712', 'eval_weighted_f1': '0.8527', 'eval_runtime': '1.923', 'eval_samples_per_second': '524.2', 'eval_steps_per_second': '65.52', 'epoch': '2'}
{'loss': '0.3323', 'grad_norm': '26.06', 'learning_rate': '1.403e-05', 'epoch': '3'}
{'eval_loss': '0.3472', 'eval_accuracy': '0.874', 'eval_macro_f1': '0.6027', 'eval_weighted_f1': '0.845', 'eval_runtime': '1.922', 'eval_samples_per_second': '524.4', 'eval_steps_per_second': '65.54', 'epoch': '3'}
{'train_runtime': '16.53', 'train_samples_per_second': '369.1', 'train_steps_per_second': '46.59', 'train_loss': '0.4983', 'epoch': '3'}

Evaluating on dev set...

Evaluating on test set...

Dev results:
{'eval_loss': 0.3472205698490143, 'eval_accuracy': 0.8740079365079365, 'eval_macro_f1': 0.6026507332971212, 'eval_weighted_f1': 0.8450153901864927, 'eval_runtime': 1.9222, 'eval_samples_per_second': 524.388, 'eval_steps_per_second': 65.549, 'epoch': 3.0}

Test results:
{'eval_loss': 0.33324968814849854, 'eval_accuracy': 0.8849206349206349, 'eval_macro_f1': 0.653123220049364, 'eval_weighted_f1': 0.8624160315350746, 'eval_runtime': 1.9219, 'eval_samples_per_second': 524.478, 'eval_steps_per_second': 65.56, 'epoch': 3.0}

===== ROUND 18 | actor_mixed_entropy =====
Labeled pool size: 640
Unlabeled pool size: 4064

Starting training...
{'loss': '0.6583', 'grad_norm': '5.064', 'learning_rate': '1.803e-05', 'epoch': '1'}
{'eval_loss': '0.4867', 'eval_accuracy': '0.8224', 'eval_macro_f1': '0.6717', 'eval_weighted_f1': '0.8359', 'eval_runtime': '1.923', 'eval_samples_per_second': '524.1', 'eval_steps_per_second': '65.52', 'epoch': '1'}
{'loss': '0.528', 'grad_norm': '6.399', 'learning_rate': '1.603e-05', 'epoch': '2'}
{'eval_loss': '0.3224', 'eval_accuracy': '0.8681', 'eval_macro_f1': '0.648', 'eval_weighted_f1': '0.8534', 'eval_runtime': '1.921', 'eval_samples_per_second': '524.7', 'eval_steps_per_second': '65.59', 'epoch': '2'}
{'loss': '0.3616', 'grad_norm': '16.8', 'learning_rate': '1.403e-05', 'epoch': '3'}
{'eval_loss': '0.3674', 'eval_accuracy': '0.872', 'eval_macro_f1': '0.5438', 'eval_weighted_f1': '0.8294', 'eval_runtime': '1.921', 'eval_samples_per_second': '524.7', 'eval_steps_per_second': '65.58', 'epoch': '3'}
{'train_runtime': '17', 'train_samples_per_second': '376.4', 'train_steps_per_second': '47.05', 'train_loss': '0.516', 'epoch': '3'}

Evaluating on dev set...

Evaluating on test set...

Dev results:
{'eval_loss': 0.36742299795150757, 'eval_accuracy': 0.8720238095238095, 'eval_macro_f1': 0.5438097944491807, 'eval_weighted_f1': 0.8294135689702613, 'eval_runtime': 1.9223, 'eval_samples_per_second': 524.371, 'eval_steps_per_second': 65.546, 'epoch': 3.0}

Test results:
{'eval_loss': 0.3463505208492279, 'eval_accuracy': 0.8779761904761905, 'eval_macro_f1': 0.5429919460366023, 'eval_weighted_f1': 0.8317848520192832, 'eval_runtime': 1.9209, 'eval_samples_per_second': 524.743, 'eval_steps_per_second': 65.593, 'epoch': 3.0}

===== ROUND 19 | actor_mixed_entropy =====
Labeled pool size: 670
Unlabeled pool size: 4034

Starting training...
{'loss': '0.6751', 'grad_norm': '5.663', 'learning_rate': '1.802e-05', 'epoch': '1'}
{'eval_loss': '0.4812', 'eval_accuracy': '0.8145', 'eval_macro_f1': '0.5322', 'eval_weighted_f1': '0.8004', 'eval_runtime': '1.922', 'eval_samples_per_second': '524.4', 'eval_steps_per_second': '65.56', 'epoch': '1'}
{'loss': '0.5769', 'grad_norm': '12.56', 'learning_rate': '1.602e-05', 'epoch': '2'}
{'eval_loss': '0.3638', 'eval_accuracy': '0.8502', 'eval_macro_f1': '0.6004', 'eval_weighted_f1': '0.8336', 'eval_runtime': '1.921', 'eval_samples_per_second': '524.7', 'eval_steps_per_second': '65.59', 'epoch': '2'}
{'loss': '0.3819', 'grad_norm': '9.143', 'learning_rate': '1.402e-05', 'epoch': '3'}
{'eval_loss': '0.3558', 'eval_accuracy': '0.8631', 'eval_macro_f1': '0.6028', 'eval_weighted_f1': '0.8401', 'eval_runtime': '1.921', 'eval_samples_per_second': '524.6', 'eval_steps_per_second': '65.58', 'epoch': '3'}
{'loss': '0.2345', 'grad_norm': '5.351', 'learning_rate': '1.202e-05', 'epoch': '4'}
{'eval_loss': '0.3662', 'eval_accuracy': '0.8681', 'eval_macro_f1': '0.6292', 'eval_weighted_f1': '0.8489', 'eval_runtime': '1.922', 'eval_samples_per_second': '524.6', 'eval_steps_per_second': '65.57', 'epoch': '4'}
{'loss': '0.18', 'grad_norm': '13.31', 'learning_rate': '1.002e-05', 'epoch': '5'}
{'eval_loss': '0.3858', 'eval_accuracy': '0.8661', 'eval_macro_f1': '0.6203', 'eval_weighted_f1': '0.8458', 'eval_runtime': '1.922', 'eval_samples_per_second': '524.6', 'eval_steps_per_second': '65.57', 'epoch': '5'}
{'loss': '0.1317', 'grad_norm': '3.842', 'learning_rate': '8.024e-06', 'epoch': '6'}
{'eval_loss': '0.4341', 'eval_accuracy': '0.8611', 'eval_macro_f1': '0.5854', 'eval_weighted_f1': '0.8349', 'eval_runtime': '1.922', 'eval_samples_per_second': '524.5', 'eval_steps_per_second': '65.56', 'epoch': '6'}
{'train_runtime': '35.04', 'train_samples_per_second': '191.2', 'train_steps_per_second': '23.97', 'train_loss': '0.3633', 'epoch': '6'}

Evaluating on dev set...

Evaluating on test set...

Dev results:
{'eval_loss': 0.43414971232414246, 'eval_accuracy': 0.8611111111111112, 'eval_macro_f1': 0.5854045478582761, 'eval_weighted_f1': 0.8349491744520829, 'eval_runtime': 1.9207, 'eval_samples_per_second': 524.799, 'eval_steps_per_second': 65.6, 'epoch': 6.0}

Test results:
{'eval_loss': 0.37417346239089966, 'eval_accuracy': 0.8779761904761905, 'eval_macro_f1': 0.6508427322265873, 'eval_weighted_f1': 0.8586991811044531, 'eval_runtime': 1.9215, 'eval_samples_per_second': 524.596, 'eval_steps_per_second': 65.575, 'epoch': 6.0}

===== ROUND 20 | actor_mixed_entropy =====
Labeled pool size: 700
Unlabeled pool size: 4004

Starting training...
{'loss': '0.6652', 'grad_norm': '6.972', 'learning_rate': '1.802e-05', 'epoch': '1'}
{'eval_loss': '0.4396', 'eval_accuracy': '0.8313', 'eval_macro_f1': '0.598', 'eval_weighted_f1': '0.8241', 'eval_runtime': '1.926', 'eval_samples_per_second': '523.5', 'eval_steps_per_second': '65.43', 'epoch': '1'}
{'loss': '0.5596', 'grad_norm': '12.62', 'learning_rate': '1.602e-05', 'epoch': '2'}
{'eval_loss': '0.4423', 'eval_accuracy': '0.8046', 'eval_macro_f1': '0.6662', 'eval_weighted_f1': '0.8248', 'eval_runtime': '1.923', 'eval_samples_per_second': '524.1', 'eval_steps_per_second': '65.51', 'epoch': '2'}
{'loss': '0.4129', 'grad_norm': '11.04', 'learning_rate': '1.402e-05', 'epoch': '3'}
{'eval_loss': '0.3315', 'eval_accuracy': '0.8681', 'eval_macro_f1': '0.6325', 'eval_weighted_f1': '0.8497', 'eval_runtime': '1.924', 'eval_samples_per_second': '523.8', 'eval_steps_per_second': '65.48', 'epoch': '3'}
{'loss': '0.2513', 'grad_norm': '14.14', 'learning_rate': '1.202e-05', 'epoch': '4'}
{'eval_loss': '0.3549', 'eval_accuracy': '0.8661', 'eval_macro_f1': '0.5593', 'eval_weighted_f1': '0.8307', 'eval_runtime': '1.926', 'eval_samples_per_second': '523.4', 'eval_steps_per_second': '65.43', 'epoch': '4'}
{'train_runtime': '24.11', 'train_samples_per_second': '290.4', 'train_steps_per_second': '36.5', 'train_loss': '0.4722', 'epoch': '4'}

Evaluating on dev set...

Evaluating on test set...

Dev results:
{'eval_loss': 0.354898065328598, 'eval_accuracy': 0.8660714285714286, 'eval_macro_f1': 0.5593021636553825, 'eval_weighted_f1': 0.8306890044372353, 'eval_runtime': 1.9242, 'eval_samples_per_second': 523.842, 'eval_steps_per_second': 65.48, 'epoch': 4.0}

Test results:
{'eval_loss': 0.3504455089569092, 'eval_accuracy': 0.8839285714285714, 'eval_macro_f1': 0.6261874197689346, 'eval_weighted_f1': 0.8552906656886119, 'eval_runtime': 1.9231, 'eval_samples_per_second': 524.142, 'eval_steps_per_second': 65.518, 'epoch': 4.0}

===== ROUND 21 | actor_mixed_entropy =====
Labeled pool size: 730
Unlabeled pool size: 3974

Starting training...
{'loss': '0.6664', 'grad_norm': '7.519', 'learning_rate': '1.802e-05', 'epoch': '1'}
{'eval_loss': '0.4457', 'eval_accuracy': '0.8115', 'eval_macro_f1': '0.606', 'eval_weighted_f1': '0.816', 'eval_runtime': '1.922', 'eval_samples_per_second': '524.4', 'eval_steps_per_second': '65.55', 'epoch': '1'}
{'loss': '0.5517', 'grad_norm': '7.055', 'learning_rate': '1.602e-05', 'epoch': '2'}
{'eval_loss': '0.3811', 'eval_accuracy': '0.8512', 'eval_macro_f1': '0.6644', 'eval_weighted_f1': '0.8492', 'eval_runtime': '1.921', 'eval_samples_per_second': '524.7', 'eval_steps_per_second': '65.58', 'epoch': '2'}
{'loss': '0.3987', 'grad_norm': '15.99', 'learning_rate': '1.402e-05', 'epoch': '3'}
{'eval_loss': '0.3405', 'eval_accuracy': '0.873', 'eval_macro_f1': '0.6096', 'eval_weighted_f1': '0.8463', 'eval_runtime': '1.923', 'eval_samples_per_second': '524.3', 'eval_steps_per_second': '65.54', 'epoch': '3'}
{'loss': '0.2726', 'grad_norm': '34.65', 'learning_rate': '1.202e-05', 'epoch': '4'}
{'eval_loss': '0.3704', 'eval_accuracy': '0.872', 'eval_macro_f1': '0.5922', 'eval_weighted_f1': '0.8415', 'eval_runtime': '1.921', 'eval_samples_per_second': '524.7', 'eval_steps_per_second': '65.59', 'epoch': '4'}
{'train_runtime': '24.83', 'train_samples_per_second': '294', 'train_steps_per_second': '37.06', 'train_loss': '0.4724', 'epoch': '4'}

Evaluating on dev set...

Evaluating on test set...

Dev results:
{'eval_loss': 0.3703582286834717, 'eval_accuracy': 0.8720238095238095, 'eval_macro_f1': 0.5921703430257904, 'eval_weighted_f1': 0.8415248089833068, 'eval_runtime': 1.9208, 'eval_samples_per_second': 524.771, 'eval_steps_per_second': 65.596, 'epoch': 4.0}

Test results:
{'eval_loss': 0.35098913311958313, 'eval_accuracy': 0.8829365079365079, 'eval_macro_f1': 0.6327075098814229, 'eval_weighted_f1': 0.8564699792960663, 'eval_runtime': 1.9208, 'eval_samples_per_second': 524.789, 'eval_steps_per_second': 65.599, 'epoch': 4.0}

===== ROUND 22 | actor_mixed_entropy =====
Labeled pool size: 760
Unlabeled pool size: 3944

Starting training...
{'loss': '0.6778', 'grad_norm': '4.487', 'learning_rate': '1.802e-05', 'epoch': '1'}
{'eval_loss': '0.5073', 'eval_accuracy': '0.6756', 'eval_macro_f1': '0.561', 'eval_weighted_f1': '0.7265', 'eval_runtime': '1.92', 'eval_samples_per_second': '524.9', 'eval_steps_per_second': '65.62', 'epoch': '1'}
{'loss': '0.5764', 'grad_norm': '20.37', 'learning_rate': '1.602e-05', 'epoch': '2'}
{'eval_loss': '0.4388', 'eval_accuracy': '0.8125', 'eval_macro_f1': '0.6092', 'eval_weighted_f1': '0.8173', 'eval_runtime': '1.92', 'eval_samples_per_second': '524.9', 'eval_steps_per_second': '65.62', 'epoch': '2'}
{'loss': '0.3913', 'grad_norm': '10.53', 'learning_rate': '1.402e-05', 'epoch': '3'}
{'eval_loss': '0.3434', 'eval_accuracy': '0.873', 'eval_macro_f1': '0.6209', 'eval_weighted_f1': '0.8491', 'eval_runtime': '1.919', 'eval_samples_per_second': '525.1', 'eval_steps_per_second': '65.64', 'epoch': '3'}
{'loss': '0.264', 'grad_norm': '14.36', 'learning_rate': '1.202e-05', 'epoch': '4'}
{'eval_loss': '0.3582', 'eval_accuracy': '0.873', 'eval_macro_f1': '0.6056', 'eval_weighted_f1': '0.8453', 'eval_runtime': '1.92', 'eval_samples_per_second': '525.1', 'eval_steps_per_second': '65.64', 'epoch': '4'}
{'loss': '0.1832', 'grad_norm': '6.849', 'learning_rate': '1.002e-05', 'epoch': '5'}
{'eval_loss': '0.3662', 'eval_accuracy': '0.875', 'eval_macro_f1': '0.6407', 'eval_weighted_f1': '0.8548', 'eval_runtime': '1.92', 'eval_samples_per_second': '524.9', 'eval_steps_per_second': '65.62', 'epoch': '5'}
{'loss': '0.1381', 'grad_norm': '7.021', 'learning_rate': '8.021e-06', 'epoch': '6'}
{'eval_loss': '0.3981', 'eval_accuracy': '0.8621', 'eval_macro_f1': '0.655', 'eval_weighted_f1': '0.8523', 'eval_runtime': '1.921', 'eval_samples_per_second': '524.9', 'eval_steps_per_second': '65.61', 'epoch': '6'}
{'loss': '0.08642', 'grad_norm': '1.486', 'learning_rate': '6.021e-06', 'epoch': '7'}
{'eval_loss': '0.4173', 'eval_accuracy': '0.8671', 'eval_macro_f1': '0.6179', 'eval_weighted_f1': '0.8456', 'eval_runtime': '1.919', 'eval_samples_per_second': '525.3', 'eval_steps_per_second': '65.66', 'epoch': '7'}
{'loss': '0.06174', 'grad_norm': '1.525', 'learning_rate': '4.021e-06', 'epoch': '8'}
{'eval_loss': '0.4238', 'eval_accuracy': '0.869', 'eval_macro_f1': '0.6462', 'eval_weighted_f1': '0.8534', 'eval_runtime': '1.92', 'eval_samples_per_second': '525', 'eval_steps_per_second': '65.62', 'epoch': '8'}
{'train_runtime': '50.89', 'train_samples_per_second': '149.4', 'train_steps_per_second': '18.67', 'train_loss': '0.2974', 'epoch': '8'}

Evaluating on dev set...

Evaluating on test set...

Dev results:
{'eval_loss': 0.42377522587776184, 'eval_accuracy': 0.8690476190476191, 'eval_macro_f1': 0.6461878829135467, 'eval_weighted_f1': 0.853447437518234, 'eval_runtime': 1.9189, 'eval_samples_per_second': 525.302, 'eval_steps_per_second': 65.663, 'epoch': 8.0}

Test results:
{'eval_loss': 0.38837993144989014, 'eval_accuracy': 0.875, 'eval_macro_f1': 0.6564082586677055, 'eval_weighted_f1': 0.8586871834826646, 'eval_runtime': 1.9185, 'eval_samples_per_second': 525.417, 'eval_steps_per_second': 65.677, 'epoch': 8.0}

===== ROUND 23 | actor_mixed_entropy =====
Labeled pool size: 790
Unlabeled pool size: 3914

Starting training...
{'loss': '0.6458', 'grad_norm': '5.941', 'learning_rate': '1.802e-05', 'epoch': '1'}
{'eval_loss': '0.3808', 'eval_accuracy': '0.8661', 'eval_macro_f1': '0.67', 'eval_weighted_f1': '0.8577', 'eval_runtime': '1.922', 'eval_samples_per_second': '524.5', 'eval_steps_per_second': '65.57', 'epoch': '1'}
{'loss': '0.4644', 'grad_norm': '7.168', 'learning_rate': '1.602e-05', 'epoch': '2'}
{'eval_loss': '0.3276', 'eval_accuracy': '0.874', 'eval_macro_f1': '0.6257', 'eval_weighted_f1': '0.8507', 'eval_runtime': '1.922', 'eval_samples_per_second': '524.5', 'eval_steps_per_second': '65.56', 'epoch': '2'}
{'loss': '0.3118', 'grad_norm': '16.99', 'learning_rate': '1.402e-05', 'epoch': '3'}
{'eval_loss': '0.3189', 'eval_accuracy': '0.8819', 'eval_macro_f1': '0.7155', 'eval_weighted_f1': '0.8761', 'eval_runtime': '1.923', 'eval_samples_per_second': '524.3', 'eval_steps_per_second': '65.54', 'epoch': '3'}
{'loss': '0.2004', 'grad_norm': '6.178', 'learning_rate': '1.202e-05', 'epoch': '4'}
{'eval_loss': '0.3862', 'eval_accuracy': '0.877', 'eval_macro_f1': '0.6328', 'eval_weighted_f1': '0.8538', 'eval_runtime': '1.923', 'eval_samples_per_second': '524.1', 'eval_steps_per_second': '65.51', 'epoch': '4'}
{'loss': '0.1529', 'grad_norm': '24.03', 'learning_rate': '1.002e-05', 'epoch': '5'}
{'eval_loss': '0.3752', 'eval_accuracy': '0.876', 'eval_macro_f1': '0.6546', 'eval_weighted_f1': '0.8587', 'eval_runtime': '1.921', 'eval_samples_per_second': '524.6', 'eval_steps_per_second': '65.58', 'epoch': '5'}
{'train_runtime': '32.73', 'train_samples_per_second': '241.3', 'train_steps_per_second': '30.24', 'train_loss': '0.3551', 'epoch': '5'}

Evaluating on dev set...

Evaluating on test set...

Dev results:
{'eval_loss': 0.3752221167087555, 'eval_accuracy': 0.8759920634920635, 'eval_macro_f1': 0.6546194646601702, 'eval_weighted_f1': 0.8587101877468227, 'eval_runtime': 1.9247, 'eval_samples_per_second': 523.71, 'eval_steps_per_second': 65.464, 'epoch': 5.0}

Test results:
{'eval_loss': 0.3495855927467346, 'eval_accuracy': 0.8928571428571429, 'eval_macro_f1': 0.6891447368421053, 'eval_weighted_f1': 0.8748825187969925, 'eval_runtime': 1.9209, 'eval_samples_per_second': 524.751, 'eval_steps_per_second': 65.594, 'epoch': 5.0}

===== ROUND 24 | actor_mixed_entropy =====
Labeled pool size: 820
Unlabeled pool size: 3884

Starting training...
{'loss': '0.6522', 'grad_norm': '5.07', 'learning_rate': '1.802e-05', 'epoch': '1'}
{'eval_loss': '0.5129', 'eval_accuracy': '0.6498', 'eval_macro_f1': '0.5465', 'eval_weighted_f1': '0.7063', 'eval_runtime': '1.92', 'eval_samples_per_second': '524.9', 'eval_steps_per_second': '65.61', 'epoch': '1'}
{'loss': '0.6116', 'grad_norm': '13.56', 'learning_rate': '1.602e-05', 'epoch': '2'}
{'eval_loss': '0.4971', 'eval_accuracy': '0.7728', 'eval_macro_f1': '0.6218', 'eval_weighted_f1': '0.7982', 'eval_runtime': '1.919', 'eval_samples_per_second': '525.2', 'eval_steps_per_second': '65.65', 'epoch': '2'}
{'loss': '0.5074', 'grad_norm': '16.96', 'learning_rate': '1.402e-05', 'epoch': '3'}
{'eval_loss': '0.3471', 'eval_accuracy': '0.8641', 'eval_macro_f1': '0.6676', 'eval_weighted_f1': '0.8562', 'eval_runtime': '1.92', 'eval_samples_per_second': '524.9', 'eval_steps_per_second': '65.61', 'epoch': '3'}
{'loss': '0.354', 'grad_norm': '10.17', 'learning_rate': '1.202e-05', 'epoch': '4'}
{'eval_loss': '0.3499', 'eval_accuracy': '0.8661', 'eval_macro_f1': '0.6237', 'eval_weighted_f1': '0.8466', 'eval_runtime': '1.919', 'eval_samples_per_second': '525.1', 'eval_steps_per_second': '65.64', 'epoch': '4'}
{'loss': '0.2472', 'grad_norm': '22.76', 'learning_rate': '1.002e-05', 'epoch': '5'}
{'eval_loss': '0.3798', 'eval_accuracy': '0.874', 'eval_macro_f1': '0.5808', 'eval_weighted_f1': '0.8396', 'eval_runtime': '1.923', 'eval_samples_per_second': '524.2', 'eval_steps_per_second': '65.52', 'epoch': '5'}
{'train_runtime': '33.6', 'train_samples_per_second': '244.1', 'train_steps_per_second': '30.66', 'train_loss': '0.4745', 'epoch': '5'}

Evaluating on dev set...

Evaluating on test set...

Dev results:
{'eval_loss': 0.37981629371643066, 'eval_accuracy': 0.8740079365079365, 'eval_macro_f1': 0.580845734492412, 'eval_weighted_f1': 0.8395796352036222, 'eval_runtime': 1.9191, 'eval_samples_per_second': 525.245, 'eval_steps_per_second': 65.656, 'epoch': 5.0}

Test results:
{'eval_loss': 0.3463880121707916, 'eval_accuracy': 0.8849206349206349, 'eval_macro_f1': 0.6192510582872028, 'eval_weighted_f1': 0.8539994727946535, 'eval_runtime': 1.919, 'eval_samples_per_second': 525.268, 'eval_steps_per_second': 65.658, 'epoch': 5.0}

===== ROUND 25 | actor_mixed_entropy =====
Labeled pool size: 850
Unlabeled pool size: 3854

Starting training...
{'loss': '0.6561', 'grad_norm': '7.426', 'learning_rate': '1.802e-05', 'epoch': '1'}
{'eval_loss': '0.4971', 'eval_accuracy': '0.7827', 'eval_macro_f1': '0.5724', 'eval_weighted_f1': '0.7937', 'eval_runtime': '1.925', 'eval_samples_per_second': '523.7', 'eval_steps_per_second': '65.46', 'epoch': '1'}
{'loss': '0.5635', 'grad_norm': '9.466', 'learning_rate': '1.602e-05', 'epoch': '2'}
{'eval_loss': '0.3551', 'eval_accuracy': '0.8661', 'eval_macro_f1': '0.6949', 'eval_weighted_f1': '0.8636', 'eval_runtime': '1.925', 'eval_samples_per_second': '523.6', 'eval_steps_per_second': '65.45', 'epoch': '2'}
{'loss': '0.3677', 'grad_norm': '4.758', 'learning_rate': '1.402e-05', 'epoch': '3'}
{'eval_loss': '0.3172', 'eval_accuracy': '0.8839', 'eval_macro_f1': '0.6679', 'eval_weighted_f1': '0.8656', 'eval_runtime': '1.925', 'eval_samples_per_second': '523.7', 'eval_steps_per_second': '65.46', 'epoch': '3'}
{'loss': '0.2703', 'grad_norm': '27.07', 'learning_rate': '1.202e-05', 'epoch': '4'}
{'eval_loss': '0.3669', 'eval_accuracy': '0.876', 'eval_macro_f1': '0.5828', 'eval_weighted_f1': '0.841', 'eval_runtime': '1.925', 'eval_samples_per_second': '523.7', 'eval_steps_per_second': '65.46', 'epoch': '4'}
{'train_runtime': '27.63', 'train_samples_per_second': '307.7', 'train_steps_per_second': '38.73', 'train_loss': '0.4644', 'epoch': '4'}

Evaluating on dev set...

Evaluating on test set...

Dev results:
{'eval_loss': 0.36691930890083313, 'eval_accuracy': 0.8759920634920635, 'eval_macro_f1': 0.5828353292124526, 'eval_weighted_f1': 0.8409520277971041, 'eval_runtime': 1.9234, 'eval_samples_per_second': 524.065, 'eval_steps_per_second': 65.508, 'epoch': 4.0}

Test results:
{'eval_loss': 0.34143704175949097, 'eval_accuracy': 0.8908730158730159, 'eval_macro_f1': 0.6266163793103448, 'eval_weighted_f1': 0.8584641830870279, 'eval_runtime': 1.9226, 'eval_samples_per_second': 524.298, 'eval_steps_per_second': 65.537, 'epoch': 4.0}

===== ROUND 26 | actor_mixed_entropy =====
Labeled pool size: 880
Unlabeled pool size: 3824

Starting training...
{'loss': '0.6606', 'grad_norm': '4.21', 'learning_rate': '1.802e-05', 'epoch': '1'}
{'eval_loss': '0.4754', 'eval_accuracy': '0.7788', 'eval_macro_f1': '0.5716', 'eval_weighted_f1': '0.7915', 'eval_runtime': '1.921', 'eval_samples_per_second': '524.7', 'eval_steps_per_second': '65.58', 'epoch': '1'}
{'loss': '0.5471', 'grad_norm': '6.035', 'learning_rate': '1.602e-05', 'epoch': '2'}
{'eval_loss': '0.3686', 'eval_accuracy': '0.8542', 'eval_macro_f1': '0.6655', 'eval_weighted_f1': '0.8509', 'eval_runtime': '1.922', 'eval_samples_per_second': '524.5', 'eval_steps_per_second': '65.57', 'epoch': '2'}
{'loss': '0.3472', 'grad_norm': '5.252', 'learning_rate': '1.402e-05', 'epoch': '3'}
{'eval_loss': '0.3408', 'eval_accuracy': '0.869', 'eval_macro_f1': '0.6578', 'eval_weighted_f1': '0.8562', 'eval_runtime': '1.923', 'eval_samples_per_second': '524.3', 'eval_steps_per_second': '65.54', 'epoch': '3'}
{'loss': '0.2414', 'grad_norm': '8.467', 'learning_rate': '1.202e-05', 'epoch': '4'}
{'eval_loss': '0.3486', 'eval_accuracy': '0.869', 'eval_macro_f1': '0.7086', 'eval_weighted_f1': '0.8682', 'eval_runtime': '1.922', 'eval_samples_per_second': '524.5', 'eval_steps_per_second': '65.57', 'epoch': '4'}
{'loss': '0.1571', 'grad_norm': '6.927', 'learning_rate': '1.002e-05', 'epoch': '5'}
{'eval_loss': '0.4352', 'eval_accuracy': '0.8591', 'eval_macro_f1': '0.6617', 'eval_weighted_f1': '0.8525', 'eval_runtime': '1.922', 'eval_samples_per_second': '524.4', 'eval_steps_per_second': '65.55', 'epoch': '5'}
{'loss': '0.1068', 'grad_norm': '7.341', 'learning_rate': '8.018e-06', 'epoch': '6'}
{'eval_loss': '0.4188', 'eval_accuracy': '0.87', 'eval_macro_f1': '0.6697', 'eval_weighted_f1': '0.8596', 'eval_runtime': '1.921', 'eval_samples_per_second': '524.7', 'eval_steps_per_second': '65.58', 'epoch': '6'}
{'train_runtime': '42.37', 'train_samples_per_second': '207.7', 'train_steps_per_second': '25.96', 'train_loss': '0.3434', 'epoch': '6'}

Evaluating on dev set...

Evaluating on test set...

Dev results:
{'eval_loss': 0.4188479483127594, 'eval_accuracy': 0.8700396825396826, 'eval_macro_f1': 0.6697470731969618, 'eval_weighted_f1': 0.8595785398861137, 'eval_runtime': 1.9211, 'eval_samples_per_second': 524.697, 'eval_steps_per_second': 65.587, 'epoch': 6.0}

Test results:
{'eval_loss': 0.38111039996147156, 'eval_accuracy': 0.8809523809523809, 'eval_macro_f1': 0.6914002306334255, 'eval_weighted_f1': 0.8699151671363405, 'eval_runtime': 1.9218, 'eval_samples_per_second': 524.497, 'eval_steps_per_second': 65.562, 'epoch': 6.0}

===== ROUND 27 | actor_mixed_entropy =====
Labeled pool size: 910
Unlabeled pool size: 3794

Starting training...
{'loss': '0.6452', 'grad_norm': '5.835', 'learning_rate': '1.802e-05', 'epoch': '1'}
{'eval_loss': '0.448', 'eval_accuracy': '0.8165', 'eval_macro_f1': '0.5819', 'eval_weighted_f1': '0.8131', 'eval_runtime': '1.923', 'eval_samples_per_second': '524.1', 'eval_steps_per_second': '65.52', 'epoch': '1'}
{'loss': '0.5498', 'grad_norm': '8.398', 'learning_rate': '1.602e-05', 'epoch': '2'}
{'eval_loss': '0.4269', 'eval_accuracy': '0.8204', 'eval_macro_f1': '0.6776', 'eval_weighted_f1': '0.836', 'eval_runtime': '1.922', 'eval_samples_per_second': '524.5', 'eval_steps_per_second': '65.57', 'epoch': '2'}
{'loss': '0.3703', 'grad_norm': '17.25', 'learning_rate': '1.402e-05', 'epoch': '3'}
{'eval_loss': '0.3282', 'eval_accuracy': '0.8829', 'eval_macro_f1': '0.6471', 'eval_weighted_f1': '0.86', 'eval_runtime': '1.922', 'eval_samples_per_second': '524.4', 'eval_steps_per_second': '65.55', 'epoch': '3'}
{'loss': '0.238', 'grad_norm': '15.66', 'learning_rate': '1.202e-05', 'epoch': '4'}
{'eval_loss': '0.339', 'eval_accuracy': '0.879', 'eval_macro_f1': '0.6702', 'eval_weighted_f1': '0.8639', 'eval_runtime': '1.922', 'eval_samples_per_second': '524.5', 'eval_steps_per_second': '65.56', 'epoch': '4'}
{'train_runtime': '28.98', 'train_samples_per_second': '314', 'train_steps_per_second': '39.34', 'train_loss': '0.4508', 'epoch': '4'}

Evaluating on dev set...

Evaluating on test set...

Dev results:
{'eval_loss': 0.33895817399024963, 'eval_accuracy': 0.878968253968254, 'eval_macro_f1': 0.6701818376870675, 'eval_weighted_f1': 0.8638689869554002, 'eval_runtime': 1.9215, 'eval_samples_per_second': 524.578, 'eval_steps_per_second': 65.572, 'epoch': 4.0}

Test results:
{'eval_loss': 0.3244665861129761, 'eval_accuracy': 0.8829365079365079, 'eval_macro_f1': 0.6863787375415282, 'eval_weighted_f1': 0.8696356061804567, 'eval_runtime': 1.9212, 'eval_samples_per_second': 524.68, 'eval_steps_per_second': 65.585, 'epoch': 4.0}

===== ROUND 28 | actor_mixed_entropy =====
Labeled pool size: 940
Unlabeled pool size: 3764

Starting training...
{'loss': '0.6486', 'grad_norm': '10.96', 'learning_rate': '1.802e-05', 'epoch': '1'}
{'eval_loss': '0.5962', 'eval_accuracy': '0.6181', 'eval_macro_f1': '0.5355', 'eval_weighted_f1': '0.68', 'eval_runtime': '1.921', 'eval_samples_per_second': '524.6', 'eval_steps_per_second': '65.58', 'epoch': '1'}
{'loss': '0.5268', 'grad_norm': '16.99', 'learning_rate': '1.602e-05', 'epoch': '2'}
{'eval_loss': '0.3285', 'eval_accuracy': '0.8661', 'eval_macro_f1': '0.6819', 'eval_weighted_f1': '0.8605', 'eval_runtime': '1.919', 'eval_samples_per_second': '525.2', 'eval_steps_per_second': '65.65', 'epoch': '2'}
{'loss': '0.3603', 'grad_norm': '17.99', 'learning_rate': '1.402e-05', 'epoch': '3'}
{'eval_loss': '0.3248', 'eval_accuracy': '0.874', 'eval_macro_f1': '0.6552', 'eval_weighted_f1': '0.8579', 'eval_runtime': '1.918', 'eval_samples_per_second': '525.5', 'eval_steps_per_second': '65.68', 'epoch': '3'}
{'loss': '0.2389', 'grad_norm': '16.84', 'learning_rate': '1.202e-05', 'epoch': '4'}
{'eval_loss': '0.3389', 'eval_accuracy': '0.8681', 'eval_macro_f1': '0.6797', 'eval_weighted_f1': '0.861', 'eval_runtime': '1.918', 'eval_samples_per_second': '525.6', 'eval_steps_per_second': '65.7', 'epoch': '4'}
{'train_runtime': '29.66', 'train_samples_per_second': '316.9', 'train_steps_per_second': '39.78', 'train_loss': '0.4437', 'epoch': '4'}

Evaluating on dev set...

Evaluating on test set...

Dev results:
{'eval_loss': 0.3389403522014618, 'eval_accuracy': 0.8680555555555556, 'eval_macro_f1': 0.6796827027608204, 'eval_weighted_f1': 0.8609885274429459, 'eval_runtime': 1.9188, 'eval_samples_per_second': 525.316, 'eval_steps_per_second': 65.665, 'epoch': 4.0}

Test results:
{'eval_loss': 0.32912489771842957, 'eval_accuracy': 0.8621031746031746, 'eval_macro_f1': 0.6837307991828719, 'eval_weighted_f1': 0.8590399766104878, 'eval_runtime': 1.9201, 'eval_samples_per_second': 524.964, 'eval_steps_per_second': 65.621, 'epoch': 4.0}

===== ROUND 29 | actor_mixed_entropy =====
Labeled pool size: 970
Unlabeled pool size: 3734

Starting training...
{'loss': '0.6588', 'grad_norm': '6.807', 'learning_rate': '1.802e-05', 'epoch': '1'}
{'eval_loss': '0.5089', 'eval_accuracy': '0.7589', 'eval_macro_f1': '0.6003', 'eval_weighted_f1': '0.7862', 'eval_runtime': '1.921', 'eval_samples_per_second': '524.9', 'eval_steps_per_second': '65.61', 'epoch': '1'}
{'loss': '0.5381', 'grad_norm': '10.69', 'learning_rate': '1.602e-05', 'epoch': '2'}
{'eval_loss': '0.3036', 'eval_accuracy': '0.87', 'eval_macro_f1': '0.6315', 'eval_weighted_f1': '0.8503', 'eval_runtime': '1.921', 'eval_samples_per_second': '524.8', 'eval_steps_per_second': '65.6', 'epoch': '2'}
{'loss': '0.352', 'grad_norm': '9.292', 'learning_rate': '1.402e-05', 'epoch': '3'}
{'eval_loss': '0.3339', 'eval_accuracy': '0.872', 'eval_macro_f1': '0.718', 'eval_weighted_f1': '0.8718', 'eval_runtime': '1.92', 'eval_samples_per_second': '524.9', 'eval_steps_per_second': '65.61', 'epoch': '3'}
{'loss': '0.2402', 'grad_norm': '1.637', 'learning_rate': '1.202e-05', 'epoch': '4'}
{'eval_loss': '0.3181', 'eval_accuracy': '0.8849', 'eval_macro_f1': '0.7439', 'eval_weighted_f1': '0.8842', 'eval_runtime': '1.921', 'eval_samples_per_second': '524.9', 'eval_steps_per_second': '65.61', 'epoch': '4'}
{'loss': '0.1729', 'grad_norm': '42.04', 'learning_rate': '1.002e-05', 'epoch': '5'}
{'eval_loss': '0.3523', 'eval_accuracy': '0.8819', 'eval_macro_f1': '0.7023', 'eval_weighted_f1': '0.873', 'eval_runtime': '1.92', 'eval_samples_per_second': '525', 'eval_steps_per_second': '65.62', 'epoch': '5'}
{'loss': '0.1151', 'grad_norm': '11.47', 'learning_rate': '8.016e-06', 'epoch': '6'}
{'eval_loss': '0.3879', 'eval_accuracy': '0.872', 'eval_macro_f1': '0.6748', 'eval_weighted_f1': '0.8617', 'eval_runtime': '1.921', 'eval_samples_per_second': '524.8', 'eval_steps_per_second': '65.61', 'epoch': '6'}
{'train_runtime': '45.56', 'train_samples_per_second': '212.9', 'train_steps_per_second': '26.78', 'train_loss': '0.3462', 'epoch': '6'}

Evaluating on dev set...

Evaluating on test set...

Dev results:
{'eval_loss': 0.3879053294658661, 'eval_accuracy': 0.8720238095238095, 'eval_macro_f1': 0.674789102613802, 'eval_weighted_f1': 0.8617223789718218, 'eval_runtime': 1.9203, 'eval_samples_per_second': 524.908, 'eval_steps_per_second': 65.613, 'epoch': 6.0}

Test results:
{'eval_loss': 0.34712764620780945, 'eval_accuracy': 0.8878968253968254, 'eval_macro_f1': 0.7082249995517222, 'eval_weighted_f1': 0.8772210026222113, 'eval_runtime': 1.9203, 'eval_samples_per_second': 524.922, 'eval_steps_per_second': 65.615, 'epoch': 6.0}

===== ROUND 30 | actor_mixed_entropy =====
Labeled pool size: 1000
Unlabeled pool size: 3704

Starting training...
{'loss': '0.6523', 'grad_norm': '4.004', 'learning_rate': '1.802e-05', 'epoch': '1'}
{'eval_loss': '0.508', 'eval_accuracy': '0.6925', 'eval_macro_f1': '0.5634', 'eval_weighted_f1': '0.7386', 'eval_runtime': '1.924', 'eval_samples_per_second': '523.8', 'eval_steps_per_second': '65.48', 'epoch': '1'}
{'loss': '0.5698', 'grad_norm': '7.038', 'learning_rate': '1.602e-05', 'epoch': '2'}
{'eval_loss': '0.3689', 'eval_accuracy': '0.8522', 'eval_macro_f1': '0.7025', 'eval_weighted_f1': '0.8583', 'eval_runtime': '1.923', 'eval_samples_per_second': '524', 'eval_steps_per_second': '65.5', 'epoch': '2'}
{'loss': '0.3969', 'grad_norm': '10.53', 'learning_rate': '1.402e-05', 'epoch': '3'}
{'eval_loss': '0.3467', 'eval_accuracy': '0.879', 'eval_macro_f1': '0.6837', 'eval_weighted_f1': '0.8671', 'eval_runtime': '1.923', 'eval_samples_per_second': '524.1', 'eval_steps_per_second': '65.51', 'epoch': '3'}
{'loss': '0.2801', 'grad_norm': '6.096', 'learning_rate': '1.202e-05', 'epoch': '4'}
{'eval_loss': '0.317', 'eval_accuracy': '0.875', 'eval_macro_f1': '0.6564', 'eval_weighted_f1': '0.8587', 'eval_runtime': '1.924', 'eval_samples_per_second': '523.9', 'eval_steps_per_second': '65.49', 'epoch': '4'}
{'train_runtime': '31.05', 'train_samples_per_second': '322', 'train_steps_per_second': '40.25', 'train_loss': '0.4748', 'epoch': '4'}

Evaluating on dev set...

Evaluating on test set...

Dev results:
{'eval_loss': 0.3169792890548706, 'eval_accuracy': 0.875, 'eval_macro_f1': 0.6564082586677055, 'eval_weighted_f1': 0.8586871834826646, 'eval_runtime': 1.9229, 'eval_samples_per_second': 524.205, 'eval_steps_per_second': 65.526, 'epoch': 4.0}

Test results:
{'eval_loss': 0.30440548062324524, 'eval_accuracy': 0.8898809523809523, 'eval_macro_f1': 0.6905606734829901, 'eval_weighted_f1': 0.8738663440640579, 'eval_runtime': 1.9227, 'eval_samples_per_second': 524.249, 'eval_steps_per_second': 65.531, 'epoch': 4.0}

===== ROUND 31 | actor_mixed_entropy =====
Labeled pool size: 1030
Unlabeled pool size: 3674

Starting training...
{'loss': '0.6534', 'grad_norm': '3.644', 'learning_rate': '1.802e-05', 'epoch': '1'}
{'eval_loss': '0.5675', 'eval_accuracy': '0.5873', 'eval_macro_f1': '0.5198', 'eval_weighted_f1': '0.6527', 'eval_runtime': '1.921', 'eval_samples_per_second': '524.7', 'eval_steps_per_second': '65.59', 'epoch': '1'}
{'loss': '0.6023', 'grad_norm': '9.271', 'learning_rate': '1.602e-05', 'epoch': '2'}
{'eval_loss': '0.3614', 'eval_accuracy': '0.871', 'eval_macro_f1': '0.5868', 'eval_weighted_f1': '0.8398', 'eval_runtime': '1.919', 'eval_samples_per_second': '525.2', 'eval_steps_per_second': '65.65', 'epoch': '2'}
{'loss': '0.4423', 'grad_norm': '7.285', 'learning_rate': '1.402e-05', 'epoch': '3'}
{'eval_loss': '0.2997', 'eval_accuracy': '0.878', 'eval_macro_f1': '0.6689', 'eval_weighted_f1': '0.8631', 'eval_runtime': '1.919', 'eval_samples_per_second': '525.2', 'eval_steps_per_second': '65.65', 'epoch': '3'}
{'loss': '0.305', 'grad_norm': '13.24', 'learning_rate': '1.202e-05', 'epoch': '4'}
{'eval_loss': '0.3311', 'eval_accuracy': '0.8819', 'eval_macro_f1': '0.6591', 'eval_weighted_f1': '0.8625', 'eval_runtime': '1.92', 'eval_samples_per_second': '525', 'eval_steps_per_second': '65.62', 'epoch': '4'}
{'loss': '0.2043', 'grad_norm': '7.343', 'learning_rate': '1.002e-05', 'epoch': '5'}
{'eval_loss': '0.3256', 'eval_accuracy': '0.877', 'eval_macro_f1': '0.7169', 'eval_weighted_f1': '0.874', 'eval_runtime': '1.92', 'eval_samples_per_second': '525.1', 'eval_steps_per_second': '65.64', 'epoch': '5'}
{'loss': '0.1438', 'grad_norm': '7.488', 'learning_rate': '8.016e-06', 'epoch': '6'}
{'eval_loss': '0.3539', 'eval_accuracy': '0.881', 'eval_macro_f1': '0.7077', 'eval_weighted_f1': '0.8738', 'eval_runtime': '1.92', 'eval_samples_per_second': '525', 'eval_steps_per_second': '65.62', 'epoch': '6'}
{'loss': '0.1008', 'grad_norm': '2.786', 'learning_rate': '6.016e-06', 'epoch': '7'}
{'eval_loss': '0.3987', 'eval_accuracy': '0.878', 'eval_macro_f1': '0.6375', 'eval_weighted_f1': '0.8554', 'eval_runtime': '1.919', 'eval_samples_per_second': '525.2', 'eval_steps_per_second': '65.65', 'epoch': '7'}
{'train_runtime': '55.6', 'train_samples_per_second': '185.3', 'train_steps_per_second': '23.2', 'train_loss': '0.3503', 'epoch': '7'}

Evaluating on dev set...

Evaluating on test set...

Dev results:
{'eval_loss': 0.3987470865249634, 'eval_accuracy': 0.8779761904761905, 'eval_macro_f1': 0.6374980629957634, 'eval_weighted_f1': 0.8554222126247983, 'eval_runtime': 1.9193, 'eval_samples_per_second': 525.195, 'eval_steps_per_second': 65.649, 'epoch': 7.0}

Test results:
{'eval_loss': 0.3645392060279846, 'eval_accuracy': 0.8948412698412699, 'eval_macro_f1': 0.7109466303077523, 'eval_weighted_f1': 0.881117789279067, 'eval_runtime': 1.9203, 'eval_samples_per_second': 524.919, 'eval_steps_per_second': 65.615, 'epoch': 7.0}

===== ROUND 32 | actor_mixed_entropy =====
Labeled pool size: 1060
Unlabeled pool size: 3644

Starting training...
{'loss': '0.6367', 'grad_norm': '9.586', 'learning_rate': '1.802e-05', 'epoch': '1'}
{'eval_loss': '0.4335', 'eval_accuracy': '0.7857', 'eval_macro_f1': '0.6179', 'eval_weighted_f1': '0.8048', 'eval_runtime': '1.922', 'eval_samples_per_second': '524.3', 'eval_steps_per_second': '65.54', 'epoch': '1'}
{'loss': '0.5451', 'grad_norm': '5.79', 'learning_rate': '1.602e-05', 'epoch': '2'}
{'eval_loss': '0.3091', 'eval_accuracy': '0.879', 'eval_macro_f1': '0.6614', 'eval_weighted_f1': '0.8617', 'eval_runtime': '1.922', 'eval_samples_per_second': '524.5', 'eval_steps_per_second': '65.56', 'epoch': '2'}
{'loss': '0.3679', 'grad_norm': '10.27', 'learning_rate': '1.402e-05', 'epoch': '3'}
{'eval_loss': '0.306', 'eval_accuracy': '0.877', 'eval_macro_f1': '0.6886', 'eval_weighted_f1': '0.8674', 'eval_runtime': '1.923', 'eval_samples_per_second': '524.3', 'eval_steps_per_second': '65.53', 'epoch': '3'}
{'loss': '0.2497', 'grad_norm': '4.007', 'learning_rate': '1.202e-05', 'epoch': '4'}
{'eval_loss': '0.3286', 'eval_accuracy': '0.876', 'eval_macro_f1': '0.7075', 'eval_weighted_f1': '0.8714', 'eval_runtime': '1.922', 'eval_samples_per_second': '524.4', 'eval_steps_per_second': '65.55', 'epoch': '4'}
{'loss': '0.1683', 'grad_norm': '24.59', 'learning_rate': '1.002e-05', 'epoch': '5'}
{'eval_loss': '0.3614', 'eval_accuracy': '0.873', 'eval_macro_f1': '0.7263', 'eval_weighted_f1': '0.8742', 'eval_runtime': '1.921', 'eval_samples_per_second': '524.9', 'eval_steps_per_second': '65.61', 'epoch': '5'}
{'loss': '0.1317', 'grad_norm': '36.13', 'learning_rate': '8.015e-06', 'epoch': '6'}
{'eval_loss': '0.3677', 'eval_accuracy': '0.87', 'eval_macro_f1': '0.6671', 'eval_weighted_f1': '0.859', 'eval_runtime': '1.922', 'eval_samples_per_second': '524.4', 'eval_steps_per_second': '65.56', 'epoch': '6'}
{'loss': '0.07858', 'grad_norm': '0.609', 'learning_rate': '6.015e-06', 'epoch': '7'}
{'eval_loss': '0.3861', 'eval_accuracy': '0.875', 'eval_macro_f1': '0.7042', 'eval_weighted_f1': '0.8701', 'eval_runtime': '1.923', 'eval_samples_per_second': '524.1', 'eval_steps_per_second': '65.52', 'epoch': '7'}
{'train_runtime': '56.82', 'train_samples_per_second': '186.6', 'train_steps_per_second': '23.41', 'train_loss': '0.3111', 'epoch': '7'}

Evaluating on dev set...

Evaluating on test set...

Dev results:
{'eval_loss': 0.386060506105423, 'eval_accuracy': 0.875, 'eval_macro_f1': 0.7041564564368705, 'eval_weighted_f1': 0.8700932663728606, 'eval_runtime': 1.9216, 'eval_samples_per_second': 524.573, 'eval_steps_per_second': 65.572, 'epoch': 7.0}

Test results:
{'eval_loss': 0.3792455792427063, 'eval_accuracy': 0.878968253968254, 'eval_macro_f1': 0.7050850384183718, 'eval_weighted_f1': 0.8722285944508167, 'eval_runtime': 1.9216, 'eval_samples_per_second': 524.569, 'eval_steps_per_second': 65.571, 'epoch': 7.0}

===== ROUND 33 | actor_mixed_entropy =====
Labeled pool size: 1090
Unlabeled pool size: 3614

Starting training...
{'loss': '0.6402', 'grad_norm': '12', 'learning_rate': '1.801e-05', 'epoch': '1'}
{'eval_loss': '0.4099', 'eval_accuracy': '0.8393', 'eval_macro_f1': '0.6738', 'eval_weighted_f1': '0.8453', 'eval_runtime': '1.922', 'eval_samples_per_second': '524.5', 'eval_steps_per_second': '65.56', 'epoch': '1'}
{'loss': '0.5063', 'grad_norm': '21.48', 'learning_rate': '1.601e-05', 'epoch': '2'}
{'eval_loss': '0.3057', 'eval_accuracy': '0.88', 'eval_macro_f1': '0.6657', 'eval_weighted_f1': '0.8632', 'eval_runtime': '1.922', 'eval_samples_per_second': '524.5', 'eval_steps_per_second': '65.56', 'epoch': '2'}
{'loss': '0.3272', 'grad_norm': '18.06', 'learning_rate': '1.401e-05', 'epoch': '3'}
{'eval_loss': '0.2891', 'eval_accuracy': '0.8869', 'eval_macro_f1': '0.7244', 'eval_weighted_f1': '0.8806', 'eval_runtime': '1.922', 'eval_samples_per_second': '524.6', 'eval_steps_per_second': '65.57', 'epoch': '3'}
{'loss': '0.2204', 'grad_norm': '9.287', 'learning_rate': '1.201e-05', 'epoch': '4'}
{'eval_loss': '0.3157', 'eval_accuracy': '0.8849', 'eval_macro_f1': '0.6781', 'eval_weighted_f1': '0.8685', 'eval_runtime': '1.921', 'eval_samples_per_second': '524.6', 'eval_steps_per_second': '65.57', 'epoch': '4'}
{'loss': '0.159', 'grad_norm': '7.496', 'learning_rate': '1.001e-05', 'epoch': '5'}
{'eval_loss': '0.3953', 'eval_accuracy': '0.876', 'eval_macro_f1': '0.5828', 'eval_weighted_f1': '0.841', 'eval_runtime': '1.922', 'eval_samples_per_second': '524.4', 'eval_steps_per_second': '65.55', 'epoch': '5'}
{'train_runtime': '41.51', 'train_samples_per_second': '262.6', 'train_steps_per_second': '33', 'train_loss': '0.3706', 'epoch': '5'}

Evaluating on dev set...

Evaluating on test set...

Dev results:
{'eval_loss': 0.39526984095573425, 'eval_accuracy': 0.8759920634920635, 'eval_macro_f1': 0.5828353292124526, 'eval_weighted_f1': 0.8409520277971041, 'eval_runtime': 1.9215, 'eval_samples_per_second': 524.594, 'eval_steps_per_second': 65.574, 'epoch': 5.0}

Test results:
{'eval_loss': 0.386100172996521, 'eval_accuracy': 0.8859126984126984, 'eval_macro_f1': 0.6401955458989679, 'eval_weighted_f1': 0.8596596052869816, 'eval_runtime': 1.9208, 'eval_samples_per_second': 524.778, 'eval_steps_per_second': 65.597, 'epoch': 5.0}

===== ROUND 34 | actor_mixed_entropy =====
Labeled pool size: 1120
Unlabeled pool size: 3584

Starting training...
{'loss': '0.6432', 'grad_norm': '3.815', 'learning_rate': '1.801e-05', 'epoch': '1'}
{'eval_loss': '0.4523', 'eval_accuracy': '0.7302', 'eval_macro_f1': '0.5952', 'eval_weighted_f1': '0.7677', 'eval_runtime': '1.923', 'eval_samples_per_second': '524.3', 'eval_steps_per_second': '65.53', 'epoch': '1'}
{'loss': '0.5404', 'grad_norm': '5.431', 'learning_rate': '1.601e-05', 'epoch': '2'}
{'eval_loss': '0.3372', 'eval_accuracy': '0.8631', 'eval_macro_f1': '0.7138', 'eval_weighted_f1': '0.8664', 'eval_runtime': '1.921', 'eval_samples_per_second': '524.7', 'eval_steps_per_second': '65.59', 'epoch': '2'}
{'loss': '0.3722', 'grad_norm': '4.499', 'learning_rate': '1.401e-05', 'epoch': '3'}
{'eval_loss': '0.3088', 'eval_accuracy': '0.8819', 'eval_macro_f1': '0.6198', 'eval_weighted_f1': '0.8528', 'eval_runtime': '1.921', 'eval_samples_per_second': '524.6', 'eval_steps_per_second': '65.57', 'epoch': '3'}
{'loss': '0.2736', 'grad_norm': '4.136', 'learning_rate': '1.201e-05', 'epoch': '4'}
{'eval_loss': '0.3167', 'eval_accuracy': '0.8819', 'eval_macro_f1': '0.7329', 'eval_weighted_f1': '0.8802', 'eval_runtime': '1.922', 'eval_samples_per_second': '524.4', 'eval_steps_per_second': '65.56', 'epoch': '4'}
{'loss': '0.1965', 'grad_norm': '2.312', 'learning_rate': '1.001e-05', 'epoch': '5'}
{'eval_loss': '0.3361', 'eval_accuracy': '0.8829', 'eval_macro_f1': '0.699', 'eval_weighted_f1': '0.8727', 'eval_runtime': '1.922', 'eval_samples_per_second': '524.6', 'eval_steps_per_second': '65.57', 'epoch': '5'}
{'loss': '0.1423', 'grad_norm': '17.96', 'learning_rate': '8.014e-06', 'epoch': '6'}
{'eval_loss': '0.3689', 'eval_accuracy': '0.88', 'eval_macro_f1': '0.6901', 'eval_weighted_f1': '0.8691', 'eval_runtime': '1.921', 'eval_samples_per_second': '524.8', 'eval_steps_per_second': '65.6', 'epoch': '6'}
{'train_runtime': '50.75', 'train_samples_per_second': '220.7', 'train_steps_per_second': '27.59', 'train_loss': '0.3614', 'epoch': '6'}

Evaluating on dev set...

Evaluating on test set...

Dev results:
{'eval_loss': 0.36894750595092773, 'eval_accuracy': 0.8799603174603174, 'eval_macro_f1': 0.6900770690877489, 'eval_weighted_f1': 0.8691304743972432, 'eval_runtime': 1.9212, 'eval_samples_per_second': 524.685, 'eval_steps_per_second': 65.586, 'epoch': 6.0}

Test results:
{'eval_loss': 0.3469480574131012, 'eval_accuracy': 0.8849206349206349, 'eval_macro_f1': 0.7064087498870107, 'eval_weighted_f1': 0.875381831903571, 'eval_runtime': 1.9221, 'eval_samples_per_second': 524.427, 'eval_steps_per_second': 65.553, 'epoch': 6.0}

===== ROUND 35 | actor_mixed_entropy =====
Labeled pool size: 1150
Unlabeled pool size: 3554

Starting training...
{'loss': '0.6465', 'grad_norm': '4.268', 'learning_rate': '1.801e-05', 'epoch': '1'}
{'eval_loss': '0.4498', 'eval_accuracy': '0.88', 'eval_macro_f1': '0.6627', 'eval_weighted_f1': '0.8625', 'eval_runtime': '1.926', 'eval_samples_per_second': '523.5', 'eval_steps_per_second': '65.44', 'epoch': '1'}
{'loss': '0.5347', 'grad_norm': '11.54', 'learning_rate': '1.601e-05', 'epoch': '2'}
{'eval_loss': '0.3585', 'eval_accuracy': '0.877', 'eval_macro_f1': '0.6811', 'eval_weighted_f1': '0.8656', 'eval_runtime': '1.924', 'eval_samples_per_second': '523.9', 'eval_steps_per_second': '65.49', 'epoch': '2'}
{'loss': '0.36', 'grad_norm': '10.69', 'learning_rate': '1.401e-05', 'epoch': '3'}
{'eval_loss': '0.3003', 'eval_accuracy': '0.8819', 'eval_macro_f1': '0.7347', 'eval_weighted_f1': '0.8806', 'eval_runtime': '1.923', 'eval_samples_per_second': '524.2', 'eval_steps_per_second': '65.53', 'epoch': '3'}
{'loss': '0.2576', 'grad_norm': '0.9989', 'learning_rate': '1.201e-05', 'epoch': '4'}
{'eval_loss': '0.3308', 'eval_accuracy': '0.8929', 'eval_macro_f1': '0.6976', 'eval_weighted_f1': '0.8769', 'eval_runtime': '1.926', 'eval_samples_per_second': '523.3', 'eval_steps_per_second': '65.41', 'epoch': '4'}
{'loss': '0.1821', 'grad_norm': '3.655', 'learning_rate': '1.001e-05', 'epoch': '5'}
{'eval_loss': '0.3391', 'eval_accuracy': '0.8849', 'eval_macro_f1': '0.7017', 'eval_weighted_f1': '0.8743', 'eval_runtime': '1.923', 'eval_samples_per_second': '524.1', 'eval_steps_per_second': '65.51', 'epoch': '5'}
{'train_runtime': '43.21', 'train_samples_per_second': '266.2', 'train_steps_per_second': '33.33', 'train_loss': '0.3962', 'epoch': '5'}

Evaluating on dev set...

Evaluating on test set...

Dev results:
{'eval_loss': 0.3390525281429291, 'eval_accuracy': 0.8849206349206349, 'eval_macro_f1': 0.7016868896123113, 'eval_weighted_f1': 0.8742513282317956, 'eval_runtime': 1.9234, 'eval_samples_per_second': 524.084, 'eval_steps_per_second': 65.511, 'epoch': 5.0}

Test results:
{'eval_loss': 0.3419545888900757, 'eval_accuracy': 0.8839285714285714, 'eval_macro_f1': 0.7073366834170854, 'eval_weighted_f1': 0.8751328068916009, 'eval_runtime': 1.9229, 'eval_samples_per_second': 524.206, 'eval_steps_per_second': 65.526, 'epoch': 5.0}

===== ROUND 36 | actor_mixed_entropy =====
Labeled pool size: 1180
Unlabeled pool size: 3524

Starting training...
{'loss': '0.6508', 'grad_norm': '8.618', 'learning_rate': '1.801e-05', 'epoch': '1'}
{'eval_loss': '0.46', 'eval_accuracy': '0.7391', 'eval_macro_f1': '0.5563', 'eval_weighted_f1': '0.7665', 'eval_runtime': '1.922', 'eval_samples_per_second': '524.6', 'eval_steps_per_second': '65.57', 'epoch': '1'}
{'loss': '0.5762', 'grad_norm': '23.03', 'learning_rate': '1.601e-05', 'epoch': '2'}
{'eval_loss': '0.3357', 'eval_accuracy': '0.878', 'eval_macro_f1': '0.6476', 'eval_weighted_f1': '0.8579', 'eval_runtime': '1.921', 'eval_samples_per_second': '524.8', 'eval_steps_per_second': '65.6', 'epoch': '2'}
{'loss': '0.4205', 'grad_norm': '5.911', 'learning_rate': '1.401e-05', 'epoch': '3'}
{'eval_loss': '0.2955', 'eval_accuracy': '0.8879', 'eval_macro_f1': '0.7151', 'eval_weighted_f1': '0.8789', 'eval_runtime': '1.922', 'eval_samples_per_second': '524.5', 'eval_steps_per_second': '65.56', 'epoch': '3'}
{'loss': '0.2976', 'grad_norm': '2.582', 'learning_rate': '1.201e-05', 'epoch': '4'}
{'eval_loss': '0.3168', 'eval_accuracy': '0.88', 'eval_macro_f1': '0.6627', 'eval_weighted_f1': '0.8625', 'eval_runtime': '1.921', 'eval_samples_per_second': '524.7', 'eval_steps_per_second': '65.59', 'epoch': '4'}
{'loss': '0.2146', 'grad_norm': '2.105', 'learning_rate': '1.001e-05', 'epoch': '5'}
{'eval_loss': '0.3184', 'eval_accuracy': '0.8829', 'eval_macro_f1': '0.7104', 'eval_weighted_f1': '0.8754', 'eval_runtime': '1.924', 'eval_samples_per_second': '524', 'eval_steps_per_second': '65.5', 'epoch': '5'}
{'train_runtime': '44.08', 'train_samples_per_second': '267.7', 'train_steps_per_second': '33.57', 'train_loss': '0.4319', 'epoch': '5'}

Evaluating on dev set...

Evaluating on test set...

Dev results:
{'eval_loss': 0.31836435198783875, 'eval_accuracy': 0.8829365079365079, 'eval_macro_f1': 0.7104435464238765, 'eval_weighted_f1': 0.8753982551197605, 'eval_runtime': 1.9221, 'eval_samples_per_second': 524.42, 'eval_steps_per_second': 65.552, 'epoch': 5.0}

Test results:
{'eval_loss': 0.29020896553993225, 'eval_accuracy': 0.8988095238095238, 'eval_macro_f1': 0.7587837837837837, 'eval_weighted_f1': 0.8944337194337194, 'eval_runtime': 1.9209, 'eval_samples_per_second': 524.761, 'eval_steps_per_second': 65.595, 'epoch': 5.0}

===== ROUND 37 | actor_mixed_entropy =====
Labeled pool size: 1210
Unlabeled pool size: 3494

Starting training...
{'loss': '0.6413', 'grad_norm': '11.4', 'learning_rate': '1.801e-05', 'epoch': '1'}
{'eval_loss': '0.4581', 'eval_accuracy': '0.7192', 'eval_macro_f1': '0.5879', 'eval_weighted_f1': '0.7596', 'eval_runtime': '1.924', 'eval_samples_per_second': '523.8', 'eval_steps_per_second': '65.48', 'epoch': '1'}
{'loss': '0.5146', 'grad_norm': '13.53', 'learning_rate': '1.601e-05', 'epoch': '2'}
{'eval_loss': '0.2989', 'eval_accuracy': '0.88', 'eval_macro_f1': '0.7086', 'eval_weighted_f1': '0.8735', 'eval_runtime': '1.924', 'eval_samples_per_second': '524', 'eval_steps_per_second': '65.5', 'epoch': '2'}
{'loss': '0.3474', 'grad_norm': '8.294', 'learning_rate': '1.401e-05', 'epoch': '3'}
{'eval_loss': '0.3067', 'eval_accuracy': '0.8869', 'eval_macro_f1': '0.6591', 'eval_weighted_f1': '0.8648', 'eval_runtime': '1.923', 'eval_samples_per_second': '524.2', 'eval_steps_per_second': '65.52', 'epoch': '3'}
{'loss': '0.2332', 'grad_norm': '1.785', 'learning_rate': '1.201e-05', 'epoch': '4'}
{'eval_loss': '0.2833', 'eval_accuracy': '0.8938', 'eval_macro_f1': '0.7303', 'eval_weighted_f1': '0.8853', 'eval_runtime': '1.923', 'eval_samples_per_second': '524.2', 'eval_steps_per_second': '65.52', 'epoch': '4'}
{'loss': '0.1658', 'grad_norm': '0.3506', 'learning_rate': '1.001e-05', 'epoch': '5'}
{'eval_loss': '0.3282', 'eval_accuracy': '0.8869', 'eval_macro_f1': '0.6836', 'eval_weighted_f1': '0.8708', 'eval_runtime': '1.922', 'eval_samples_per_second': '524.4', 'eval_steps_per_second': '65.55', 'epoch': '5'}
{'loss': '0.1167', 'grad_norm': '1.004', 'learning_rate': '8.013e-06', 'epoch': '6'}
{'eval_loss': '0.3565', 'eval_accuracy': '0.8879', 'eval_macro_f1': '0.6878', 'eval_weighted_f1': '0.8723', 'eval_runtime': '1.922', 'eval_samples_per_second': '524.5', 'eval_steps_per_second': '65.56', 'epoch': '6'}
{'train_runtime': '53.97', 'train_samples_per_second': '224.2', 'train_steps_per_second': '28.16', 'train_loss': '0.3365', 'epoch': '6'}

Evaluating on dev set...

Evaluating on test set...

Dev results:
{'eval_loss': 0.35645627975463867, 'eval_accuracy': 0.8878968253968254, 'eval_macro_f1': 0.6877759960527938, 'eval_weighted_f1': 0.8722740097231277, 'eval_runtime': 1.9215, 'eval_samples_per_second': 524.596, 'eval_steps_per_second': 65.574, 'epoch': 6.0}

Test results:
{'eval_loss': 0.36244529485702515, 'eval_accuracy': 0.8948412698412699, 'eval_macro_f1': 0.6920274399031533, 'eval_weighted_f1': 0.8764938084532251, 'eval_runtime': 1.9218, 'eval_samples_per_second': 524.507, 'eval_steps_per_second': 65.563, 'epoch': 6.0}

===== ROUND 38 | actor_mixed_entropy =====
Labeled pool size: 1240
Unlabeled pool size: 3464

Starting training...
{'loss': '0.6432', 'grad_norm': '4.279', 'learning_rate': '1.801e-05', 'epoch': '1'}
{'eval_loss': '0.3923', 'eval_accuracy': '0.874', 'eval_macro_f1': '0.5341', 'eval_weighted_f1': '0.8278', 'eval_runtime': '1.919', 'eval_samples_per_second': '525.4', 'eval_steps_per_second': '65.67', 'epoch': '1'}
{'loss': '0.5357', 'grad_norm': '9.41', 'learning_rate': '1.601e-05', 'epoch': '2'}
{'eval_loss': '0.3124', 'eval_accuracy': '0.871', 'eval_macro_f1': '0.6948', 'eval_weighted_f1': '0.866', 'eval_runtime': '1.919', 'eval_samples_per_second': '525.3', 'eval_steps_per_second': '65.67', 'epoch': '2'}
{'loss': '0.3963', 'grad_norm': '5.055', 'learning_rate': '1.401e-05', 'epoch': '3'}
{'eval_loss': '0.3257', 'eval_accuracy': '0.876', 'eval_macro_f1': '0.6206', 'eval_weighted_f1': '0.8504', 'eval_runtime': '1.919', 'eval_samples_per_second': '525.4', 'eval_steps_per_second': '65.67', 'epoch': '3'}
{'loss': '0.2834', 'grad_norm': '11.34', 'learning_rate': '1.201e-05', 'epoch': '4'}
{'eval_loss': '0.355', 'eval_accuracy': '0.869', 'eval_macro_f1': '0.6492', 'eval_weighted_f1': '0.8542', 'eval_runtime': '1.917', 'eval_samples_per_second': '525.7', 'eval_steps_per_second': '65.71', 'epoch': '4'}
{'train_runtime': '36.59', 'train_samples_per_second': '338.9', 'train_steps_per_second': '42.37', 'train_loss': '0.4646', 'epoch': '4'}

Evaluating on dev set...

Evaluating on test set...

Dev results:
{'eval_loss': 0.35503697395324707, 'eval_accuracy': 0.8690476190476191, 'eval_macro_f1': 0.6491694352159468, 'eval_weighted_f1': 0.8541686442018669, 'eval_runtime': 1.9173, 'eval_samples_per_second': 525.731, 'eval_steps_per_second': 65.716, 'epoch': 4.0}

Test results:
{'eval_loss': 0.34822002053260803, 'eval_accuracy': 0.8779761904761905, 'eval_macro_f1': 0.6824042030518747, 'eval_weighted_f1': 0.8663556046241767, 'eval_runtime': 1.9174, 'eval_samples_per_second': 525.719, 'eval_steps_per_second': 65.715, 'epoch': 4.0}

===== ROUND 39 | actor_mixed_entropy =====
Labeled pool size: 1270
Unlabeled pool size: 3434

Starting training...
{'loss': '0.6534', 'grad_norm': '5.645', 'learning_rate': '1.801e-05', 'epoch': '1'}
{'eval_loss': '0.4578', 'eval_accuracy': '0.8165', 'eval_macro_f1': '0.6057', 'eval_weighted_f1': '0.8185', 'eval_runtime': '1.923', 'eval_samples_per_second': '524.2', 'eval_steps_per_second': '65.53', 'epoch': '1'}
{'loss': '0.5588', 'grad_norm': '9.455', 'learning_rate': '1.601e-05', 'epoch': '2'}
{'eval_loss': '0.3131', 'eval_accuracy': '0.877', 'eval_macro_f1': '0.728', 'eval_weighted_f1': '0.8766', 'eval_runtime': '1.922', 'eval_samples_per_second': '524.5', 'eval_steps_per_second': '65.57', 'epoch': '2'}
{'loss': '0.3752', 'grad_norm': '7.008', 'learning_rate': '1.401e-05', 'epoch': '3'}
{'eval_loss': '0.3196', 'eval_accuracy': '0.877', 'eval_macro_f1': '0.6648', 'eval_weighted_f1': '0.8616', 'eval_runtime': '1.922', 'eval_samples_per_second': '524.5', 'eval_steps_per_second': '65.56', 'epoch': '3'}
{'loss': '0.2654', 'grad_norm': '12.84', 'learning_rate': '1.201e-05', 'epoch': '4'}
{'eval_loss': '0.3288', 'eval_accuracy': '0.875', 'eval_macro_f1': '0.7063', 'eval_weighted_f1': '0.8706', 'eval_runtime': '1.922', 'eval_samples_per_second': '524.4', 'eval_steps_per_second': '65.55', 'epoch': '4'}
{'train_runtime': '37.34', 'train_samples_per_second': '340.1', 'train_steps_per_second': '42.58', 'train_loss': '0.4632', 'epoch': '4'}

Evaluating on dev set...

Evaluating on test set...

Dev results:
{'eval_loss': 0.3287694454193115, 'eval_accuracy': 0.875, 'eval_macro_f1': 0.7062502312844614, 'eval_weighted_f1': 0.8705824667875514, 'eval_runtime': 1.9241, 'eval_samples_per_second': 523.887, 'eval_steps_per_second': 65.486, 'epoch': 4.0}

Test results:
{'eval_loss': 0.3096056282520294, 'eval_accuracy': 0.8908730158730159, 'eval_macro_f1': 0.741723890540125, 'eval_weighted_f1': 0.8865893595318622, 'eval_runtime': 1.9217, 'eval_samples_per_second': 524.533, 'eval_steps_per_second': 65.567, 'epoch': 4.0}

===== ROUND 40 | actor_mixed_entropy =====
Labeled pool size: 1300
Unlabeled pool size: 3404

Starting training...
{'loss': '0.6428', 'grad_norm': '7.2', 'learning_rate': '1.801e-05', 'epoch': '1'}
{'eval_loss': '0.4603', 'eval_accuracy': '0.7688', 'eval_macro_f1': '0.5869', 'eval_weighted_f1': '0.7893', 'eval_runtime': '1.915', 'eval_samples_per_second': '526.2', 'eval_steps_per_second': '65.78', 'epoch': '1'}
{'loss': '0.5124', 'grad_norm': '6.957', 'learning_rate': '1.601e-05', 'epoch': '2'}
{'eval_loss': '0.3289', 'eval_accuracy': '0.874', 'eval_macro_f1': '0.6721', 'eval_weighted_f1': '0.862', 'eval_runtime': '1.92', 'eval_samples_per_second': '524.9', 'eval_steps_per_second': '65.61', 'epoch': '2'}
{'loss': '0.3748', 'grad_norm': '7.866', 'learning_rate': '1.401e-05', 'epoch': '3'}
{'eval_loss': '0.2931', 'eval_accuracy': '0.881', 'eval_macro_f1': '0.7333', 'eval_weighted_f1': '0.8798', 'eval_runtime': '1.917', 'eval_samples_per_second': '525.8', 'eval_steps_per_second': '65.72', 'epoch': '3'}
{'loss': '0.2556', 'grad_norm': '8.931', 'learning_rate': '1.201e-05', 'epoch': '4'}
{'eval_loss': '0.3205', 'eval_accuracy': '0.878', 'eval_macro_f1': '0.6875', 'eval_weighted_f1': '0.8676', 'eval_runtime': '1.917', 'eval_samples_per_second': '525.9', 'eval_steps_per_second': '65.74', 'epoch': '4'}
{'loss': '0.1803', 'grad_norm': '11.58', 'learning_rate': '1.001e-05', 'epoch': '5'}
{'eval_loss': '0.3446', 'eval_accuracy': '0.88', 'eval_macro_f1': '0.7266', 'eval_weighted_f1': '0.8777', 'eval_runtime': '1.917', 'eval_samples_per_second': '525.9', 'eval_steps_per_second': '65.74', 'epoch': '5'}
{'train_runtime': '47.48', 'train_samples_per_second': '273.8', 'train_steps_per_second': '34.33', 'train_loss': '0.3932', 'epoch': '5'}

Evaluating on dev set...

Evaluating on test set...

Dev results:
{'eval_loss': 0.34455734491348267, 'eval_accuracy': 0.8799603174603174, 'eval_macro_f1': 0.726553059261634, 'eval_weighted_f1': 0.8777252448243101, 'eval_runtime': 1.9153, 'eval_samples_per_second': 526.285, 'eval_steps_per_second': 65.786, 'epoch': 5.0}

Test results:
{'eval_loss': 0.3365721106529236, 'eval_accuracy': 0.8839285714285714, 'eval_macro_f1': 0.7300883639284758, 'eval_weighted_f1': 0.8804919307879647, 'eval_runtime': 1.9152, 'eval_samples_per_second': 526.305, 'eval_steps_per_second': 65.788, 'epoch': 5.0}

===== ROUND 41 | actor_mixed_entropy =====
Labeled pool size: 1330
Unlabeled pool size: 3374

Starting training...
{'loss': '0.6416', 'grad_norm': '4.284', 'learning_rate': '1.801e-05', 'epoch': '1'}
{'eval_loss': '0.3928', 'eval_accuracy': '0.872', 'eval_macro_f1': '0.4879', 'eval_weighted_f1': '0.8153', 'eval_runtime': '1.919', 'eval_samples_per_second': '525.4', 'eval_steps_per_second': '65.67', 'epoch': '1'}
{'loss': '0.5453', 'grad_norm': '11.9', 'learning_rate': '1.601e-05', 'epoch': '2'}
{'eval_loss': '0.3009', 'eval_accuracy': '0.8839', 'eval_macro_f1': '0.6484', 'eval_weighted_f1': '0.8608', 'eval_runtime': '1.919', 'eval_samples_per_second': '525.3', 'eval_steps_per_second': '65.66', 'epoch': '2'}
{'loss': '0.3762', 'grad_norm': '29.56', 'learning_rate': '1.401e-05', 'epoch': '3'}
{'eval_loss': '0.2764', 'eval_accuracy': '0.9018', 'eval_macro_f1': '0.7778', 'eval_weighted_f1': '0.9003', 'eval_runtime': '1.918', 'eval_samples_per_second': '525.5', 'eval_steps_per_second': '65.69', 'epoch': '3'}
{'loss': '0.2748', 'grad_norm': '34.95', 'learning_rate': '1.201e-05', 'epoch': '4'}
{'eval_loss': '0.3054', 'eval_accuracy': '0.8829', 'eval_macro_f1': '0.6696', 'eval_weighted_f1': '0.8656', 'eval_runtime': '1.918', 'eval_samples_per_second': '525.6', 'eval_steps_per_second': '65.69', 'epoch': '4'}
{'loss': '0.1852', 'grad_norm': '41.61', 'learning_rate': '1.001e-05', 'epoch': '5'}
{'eval_loss': '0.3108', 'eval_accuracy': '0.8849', 'eval_macro_f1': '0.7296', 'eval_weighted_f1': '0.8809', 'eval_runtime': '1.922', 'eval_samples_per_second': '524.4', 'eval_steps_per_second': '65.56', 'epoch': '5'}
{'train_runtime': '48.4', 'train_samples_per_second': '274.8', 'train_steps_per_second': '34.51', 'train_loss': '0.4046', 'epoch': '5'}

Evaluating on dev set...

Evaluating on test set...

Dev results:
{'eval_loss': 0.3108271360397339, 'eval_accuracy': 0.8849206349206349, 'eval_macro_f1': 0.7295637049920438, 'eval_weighted_f1': 0.8808536995821902, 'eval_runtime': 1.9195, 'eval_samples_per_second': 525.145, 'eval_steps_per_second': 65.643, 'epoch': 5.0}

Test results:
{'eval_loss': 0.3084985017776489, 'eval_accuracy': 0.8928571428571429, 'eval_macro_f1': 0.7287946428571429, 'eval_weighted_f1': 0.8844866071428572, 'eval_runtime': 1.9175, 'eval_samples_per_second': 525.68, 'eval_steps_per_second': 65.71, 'epoch': 5.0}

===== ROUND 42 | actor_mixed_entropy =====
Labeled pool size: 1360
Unlabeled pool size: 3344

Starting training...
{'loss': '0.638', 'grad_norm': '5.009', 'learning_rate': '1.801e-05', 'epoch': '1'}
{'eval_loss': '0.3922', 'eval_accuracy': '0.8591', 'eval_macro_f1': '0.5835', 'eval_weighted_f1': '0.8336', 'eval_runtime': '1.918', 'eval_samples_per_second': '525.6', 'eval_steps_per_second': '65.7', 'epoch': '1'}
{'loss': '0.5265', 'grad_norm': '8.298', 'learning_rate': '1.601e-05', 'epoch': '2'}
{'eval_loss': '0.2951', 'eval_accuracy': '0.8899', 'eval_macro_f1': '0.6878', 'eval_weighted_f1': '0.8732', 'eval_runtime': '1.917', 'eval_samples_per_second': '525.8', 'eval_steps_per_second': '65.73', 'epoch': '2'}
{'loss': '0.3768', 'grad_norm': '4.48', 'learning_rate': '1.401e-05', 'epoch': '3'}
{'eval_loss': '0.2945', 'eval_accuracy': '0.8839', 'eval_macro_f1': '0.7408', 'eval_weighted_f1': '0.883', 'eval_runtime': '1.918', 'eval_samples_per_second': '525.6', 'eval_steps_per_second': '65.7', 'epoch': '3'}
{'loss': '0.2778', 'grad_norm': '6.161', 'learning_rate': '1.201e-05', 'epoch': '4'}
{'eval_loss': '0.2932', 'eval_accuracy': '0.88', 'eval_macro_f1': '0.6997', 'eval_weighted_f1': '0.8714', 'eval_runtime': '1.917', 'eval_samples_per_second': '525.8', 'eval_steps_per_second': '65.72', 'epoch': '4'}
{'loss': '0.2014', 'grad_norm': '7.291', 'learning_rate': '1.001e-05', 'epoch': '5'}
{'eval_loss': '0.3209', 'eval_accuracy': '0.8859', 'eval_macro_f1': '0.7054', 'eval_weighted_f1': '0.8756', 'eval_runtime': '1.917', 'eval_samples_per_second': '525.7', 'eval_steps_per_second': '65.72', 'epoch': '5'}
{'train_runtime': '49.2', 'train_samples_per_second': '276.4', 'train_steps_per_second': '34.55', 'train_loss': '0.4041', 'epoch': '5'}

Evaluating on dev set...

Evaluating on test set...

Dev results:
{'eval_loss': 0.32088223099708557, 'eval_accuracy': 0.8859126984126984, 'eval_macro_f1': 0.7054451483065383, 'eval_weighted_f1': 0.8756198723610162, 'eval_runtime': 1.9165, 'eval_samples_per_second': 525.972, 'eval_steps_per_second': 65.747, 'epoch': 5.0}

Test results:
{'eval_loss': 0.31317949295043945, 'eval_accuracy': 0.8958333333333334, 'eval_macro_f1': 0.7310586136711872, 'eval_weighted_f1': 0.8864355356339714, 'eval_runtime': 1.9164, 'eval_samples_per_second': 525.977, 'eval_steps_per_second': 65.747, 'epoch': 5.0}

===== ROUND 43 | actor_mixed_entropy =====
Labeled pool size: 1390
Unlabeled pool size: 3314

Starting training...
{'loss': '0.6343', 'grad_norm': '7.163', 'learning_rate': '1.801e-05', 'epoch': '1'}
{'eval_loss': '0.3469', 'eval_accuracy': '0.871', 'eval_macro_f1': '0.4804', 'eval_weighted_f1': '0.8129', 'eval_runtime': '1.922', 'eval_samples_per_second': '524.5', 'eval_steps_per_second': '65.56', 'epoch': '1'}
{'loss': '0.5474', 'grad_norm': '4.628', 'learning_rate': '1.601e-05', 'epoch': '2'}
{'eval_loss': '0.2879', 'eval_accuracy': '0.881', 'eval_macro_f1': '0.6446', 'eval_weighted_f1': '0.8585', 'eval_runtime': '1.921', 'eval_samples_per_second': '524.8', 'eval_steps_per_second': '65.61', 'epoch': '2'}
{'loss': '0.4067', 'grad_norm': '5.586', 'learning_rate': '1.401e-05', 'epoch': '3'}
{'eval_loss': '0.2953', 'eval_accuracy': '0.8889', 'eval_macro_f1': '0.7072', 'eval_weighted_f1': '0.8775', 'eval_runtime': '1.921', 'eval_samples_per_second': '524.7', 'eval_steps_per_second': '65.59', 'epoch': '3'}
{'loss': '0.2903', 'grad_norm': '2.679', 'learning_rate': '1.201e-05', 'epoch': '4'}
{'eval_loss': '0.2857', 'eval_accuracy': '0.8889', 'eval_macro_f1': '0.7443', 'eval_weighted_f1': '0.8862', 'eval_runtime': '1.921', 'eval_samples_per_second': '524.8', 'eval_steps_per_second': '65.6', 'epoch': '4'}
{'loss': '0.2107', 'grad_norm': '7.025', 'learning_rate': '1.001e-05', 'epoch': '5'}
{'eval_loss': '0.3112', 'eval_accuracy': '0.8849', 'eval_macro_f1': '0.7333', 'eval_weighted_f1': '0.8817', 'eval_runtime': '1.921', 'eval_samples_per_second': '524.7', 'eval_steps_per_second': '65.59', 'epoch': '5'}
{'loss': '0.158', 'grad_norm': '14.48', 'learning_rate': '8.011e-06', 'epoch': '6'}
{'eval_loss': '0.3253', 'eval_accuracy': '0.8889', 'eval_macro_f1': '0.7272', 'eval_weighted_f1': '0.8822', 'eval_runtime': '1.921', 'eval_samples_per_second': '524.8', 'eval_steps_per_second': '65.6', 'epoch': '6'}
{'train_runtime': '60.11', 'train_samples_per_second': '231.2', 'train_steps_per_second': '28.95', 'train_loss': '0.3746', 'epoch': '6'}

Evaluating on dev set...

Evaluating on test set...

Dev results:
{'eval_loss': 0.32534492015838623, 'eval_accuracy': 0.8888888888888888, 'eval_macro_f1': 0.7272305551260245, 'eval_weighted_f1': 0.8822225658471213, 'eval_runtime': 1.9203, 'eval_samples_per_second': 524.908, 'eval_steps_per_second': 65.614, 'epoch': 6.0}

Test results:
{'eval_loss': 0.3267495334148407, 'eval_accuracy': 0.8958333333333334, 'eval_macro_f1': 0.7352934556158854, 'eval_weighted_f1': 0.8874484480003201, 'eval_runtime': 1.9202, 'eval_samples_per_second': 524.947, 'eval_steps_per_second': 65.618, 'epoch': 6.0}

===== ROUND 44 | actor_mixed_entropy =====
Labeled pool size: 1420
Unlabeled pool size: 3284

Starting training...
{'loss': '0.6238', 'grad_norm': '5.575', 'learning_rate': '1.801e-05', 'epoch': '1'}
{'eval_loss': '0.3675', 'eval_accuracy': '0.874', 'eval_macro_f1': '0.5762', 'eval_weighted_f1': '0.8384', 'eval_runtime': '1.919', 'eval_samples_per_second': '525.4', 'eval_steps_per_second': '65.67', 'epoch': '1'}
{'loss': '0.4976', 'grad_norm': '11.24', 'learning_rate': '1.601e-05', 'epoch': '2'}
{'eval_loss': '0.2953', 'eval_accuracy': '0.8839', 'eval_macro_f1': '0.6903', 'eval_weighted_f1': '0.8711', 'eval_runtime': '1.919', 'eval_samples_per_second': '525.2', 'eval_steps_per_second': '65.65', 'epoch': '2'}
{'loss': '0.3608', 'grad_norm': '8.112', 'learning_rate': '1.401e-05', 'epoch': '3'}
{'eval_loss': '0.3314', 'eval_accuracy': '0.874', 'eval_macro_f1': '0.6146', 'eval_weighted_f1': '0.848', 'eval_runtime': '1.918', 'eval_samples_per_second': '525.4', 'eval_steps_per_second': '65.68', 'epoch': '3'}
{'loss': '0.2628', 'grad_norm': '6.566', 'learning_rate': '1.201e-05', 'epoch': '4'}
{'eval_loss': '0.3337', 'eval_accuracy': '0.8879', 'eval_macro_f1': '0.7106', 'eval_weighted_f1': '0.8778', 'eval_runtime': '1.918', 'eval_samples_per_second': '525.6', 'eval_steps_per_second': '65.7', 'epoch': '4'}
{'loss': '0.1945', 'grad_norm': '6.084', 'learning_rate': '1.001e-05', 'epoch': '5'}
{'eval_loss': '0.3643', 'eval_accuracy': '0.8829', 'eval_macro_f1': '0.6916', 'eval_weighted_f1': '0.8709', 'eval_runtime': '1.918', 'eval_samples_per_second': '525.6', 'eval_steps_per_second': '65.69', 'epoch': '5'}
{'loss': '0.1322', 'grad_norm': '20.75', 'learning_rate': '8.011e-06', 'epoch': '6'}
{'eval_loss': '0.3996', 'eval_accuracy': '0.879', 'eval_macro_f1': '0.6673', 'eval_weighted_f1': '0.8632', 'eval_runtime': '1.919', 'eval_samples_per_second': '525.2', 'eval_steps_per_second': '65.65', 'epoch': '6'}
{'train_runtime': '61.26', 'train_samples_per_second': '231.8', 'train_steps_per_second': '29.06', 'train_loss': '0.3453', 'epoch': '6'}

Evaluating on dev set...

Evaluating on test set...

Dev results:
{'eval_loss': 0.39957553148269653, 'eval_accuracy': 0.878968253968254, 'eval_macro_f1': 0.6673159329957148, 'eval_weighted_f1': 0.8631733046419452, 'eval_runtime': 1.9217, 'eval_samples_per_second': 524.534, 'eval_steps_per_second': 65.567, 'epoch': 6.0}

Test results:
{'eval_loss': 0.3903348743915558, 'eval_accuracy': 0.8908730158730159, 'eval_macro_f1': 0.6974030368858275, 'eval_weighted_f1': 0.8759907097970784, 'eval_runtime': 1.9186, 'eval_samples_per_second': 525.394, 'eval_steps_per_second': 65.674, 'epoch': 6.0}

===== ROUND 45 | actor_mixed_entropy =====
Labeled pool size: 1450
Unlabeled pool size: 3254

Starting training...
{'loss': '0.6251', 'grad_norm': '11.98', 'learning_rate': '1.801e-05', 'epoch': '1'}
{'eval_loss': '0.3537', 'eval_accuracy': '0.871', 'eval_macro_f1': '0.6602', 'eval_weighted_f1': '0.8578', 'eval_runtime': '1.919', 'eval_samples_per_second': '525.4', 'eval_steps_per_second': '65.67', 'epoch': '1'}
{'loss': '0.5269', 'grad_norm': '18.91', 'learning_rate': '1.601e-05', 'epoch': '2'}
{'eval_loss': '0.2934', 'eval_accuracy': '0.8849', 'eval_macro_f1': '0.6809', 'eval_weighted_f1': '0.8692', 'eval_runtime': '1.921', 'eval_samples_per_second': '524.8', 'eval_steps_per_second': '65.6', 'epoch': '2'}
{'loss': '0.354', 'grad_norm': '1.038', 'learning_rate': '1.401e-05', 'epoch': '3'}
{'eval_loss': '0.2931', 'eval_accuracy': '0.8849', 'eval_macro_f1': '0.6837', 'eval_weighted_f1': '0.8699', 'eval_runtime': '1.917', 'eval_samples_per_second': '525.8', 'eval_steps_per_second': '65.72', 'epoch': '3'}
{'loss': '0.2588', 'grad_norm': '11.27', 'learning_rate': '1.201e-05', 'epoch': '4'}
{'eval_loss': '0.348', 'eval_accuracy': '0.873', 'eval_macro_f1': '0.7422', 'eval_weighted_f1': '0.8778', 'eval_runtime': '1.918', 'eval_samples_per_second': '525.5', 'eval_steps_per_second': '65.69', 'epoch': '4'}
{'loss': '0.1888', 'grad_norm': '0.8526', 'learning_rate': '1.001e-05', 'epoch': '5'}
{'eval_loss': '0.3551', 'eval_accuracy': '0.8819', 'eval_macro_f1': '0.6683', 'eval_weighted_f1': '0.8648', 'eval_runtime': '1.919', 'eval_samples_per_second': '525.4', 'eval_steps_per_second': '65.67', 'epoch': '5'}
{'loss': '0.1367', 'grad_norm': '57.89', 'learning_rate': '8.011e-06', 'epoch': '6'}
{'eval_loss': '0.3674', 'eval_accuracy': '0.8879', 'eval_macro_f1': '0.7195', 'eval_weighted_f1': '0.8799', 'eval_runtime': '1.918', 'eval_samples_per_second': '525.5', 'eval_steps_per_second': '65.69', 'epoch': '6'}
{'train_runtime': '62.24', 'train_samples_per_second': '233', 'train_steps_per_second': '29.24', 'train_loss': '0.3484', 'epoch': '6'}

Evaluating on dev set...

Evaluating on test set...

Dev results:
{'eval_loss': 0.36736756563186646, 'eval_accuracy': 0.8878968253968254, 'eval_macro_f1': 0.7195194322622587, 'eval_weighted_f1': 0.8799199194480688, 'eval_runtime': 1.9175, 'eval_samples_per_second': 525.677, 'eval_steps_per_second': 65.71, 'epoch': 6.0}

Test results:
{'eval_loss': 0.3722192049026489, 'eval_accuracy': 0.8968253968253969, 'eval_macro_f1': 0.7303703703703703, 'eval_weighted_f1': 0.8867372134038801, 'eval_runtime': 1.9168, 'eval_samples_per_second': 525.865, 'eval_steps_per_second': 65.733, 'epoch': 6.0}

===== ROUND 46 | actor_mixed_entropy =====
Labeled pool size: 1480
Unlabeled pool size: 3224

Starting training...
{'loss': '0.6231', 'grad_norm': '4.771', 'learning_rate': '1.801e-05', 'epoch': '1'}
{'eval_loss': '0.3858', 'eval_accuracy': '0.872', 'eval_macro_f1': '0.6161', 'eval_weighted_f1': '0.8475', 'eval_runtime': '1.92', 'eval_samples_per_second': '525.1', 'eval_steps_per_second': '65.64', 'epoch': '1'}
{'loss': '0.5331', 'grad_norm': '6.003', 'learning_rate': '1.601e-05', 'epoch': '2'}
{'eval_loss': '0.2958', 'eval_accuracy': '0.8859', 'eval_macro_f1': '0.7271', 'eval_weighted_f1': '0.8807', 'eval_runtime': '1.919', 'eval_samples_per_second': '525.4', 'eval_steps_per_second': '65.67', 'epoch': '2'}
{'loss': '0.3753', 'grad_norm': '5.965', 'learning_rate': '1.401e-05', 'epoch': '3'}
{'eval_loss': '0.2882', 'eval_accuracy': '0.8859', 'eval_macro_f1': '0.7031', 'eval_weighted_f1': '0.875', 'eval_runtime': '1.918', 'eval_samples_per_second': '525.6', 'eval_steps_per_second': '65.7', 'epoch': '3'}
{'loss': '0.2869', 'grad_norm': '2.024', 'learning_rate': '1.201e-05', 'epoch': '4'}
{'eval_loss': '0.3066', 'eval_accuracy': '0.8849', 'eval_macro_f1': '0.6968', 'eval_weighted_f1': '0.8731', 'eval_runtime': '1.919', 'eval_samples_per_second': '525.4', 'eval_steps_per_second': '65.67', 'epoch': '4'}
{'train_runtime': '42.16', 'train_samples_per_second': '351', 'train_steps_per_second': '43.88', 'train_loss': '0.4546', 'epoch': '4'}

Evaluating on dev set...

Evaluating on test set...

Dev results:
{'eval_loss': 0.3065786063671112, 'eval_accuracy': 0.8849206349206349, 'eval_macro_f1': 0.6967855031273663, 'eval_weighted_f1': 0.873073334429875, 'eval_runtime': 1.919, 'eval_samples_per_second': 525.277, 'eval_steps_per_second': 65.66, 'epoch': 4.0}

Test results:
{'eval_loss': 0.3159080147743225, 'eval_accuracy': 0.8948412698412699, 'eval_macro_f1': 0.7338169642857143, 'eval_weighted_f1': 0.8866257440476192, 'eval_runtime': 1.9176, 'eval_samples_per_second': 525.652, 'eval_steps_per_second': 65.706, 'epoch': 4.0}

===== ROUND 47 | actor_mixed_entropy =====
Labeled pool size: 1510
Unlabeled pool size: 3194

Starting training...
{'loss': '0.6193', 'grad_norm': '6.34', 'learning_rate': '1.801e-05', 'epoch': '1'}
{'eval_loss': '0.3303', 'eval_accuracy': '0.879', 'eval_macro_f1': '0.6081', 'eval_weighted_f1': '0.8486', 'eval_runtime': '1.92', 'eval_samples_per_second': '525', 'eval_steps_per_second': '65.63', 'epoch': '1'}
{'loss': '0.5083', 'grad_norm': '4.144', 'learning_rate': '1.601e-05', 'epoch': '2'}
{'eval_loss': '0.3143', 'eval_accuracy': '0.878', 'eval_macro_f1': '0.6304', 'eval_weighted_f1': '0.8537', 'eval_runtime': '1.919', 'eval_samples_per_second': '525.3', 'eval_steps_per_second': '65.66', 'epoch': '2'}
{'loss': '0.3611', 'grad_norm': '12.86', 'learning_rate': '1.401e-05', 'epoch': '3'}
{'eval_loss': '0.3076', 'eval_accuracy': '0.8839', 'eval_macro_f1': '0.6877', 'eval_weighted_f1': '0.8704', 'eval_runtime': '1.919', 'eval_samples_per_second': '525.3', 'eval_steps_per_second': '65.67', 'epoch': '3'}
{'loss': '0.2563', 'grad_norm': '1.832', 'learning_rate': '1.201e-05', 'epoch': '4'}
{'eval_loss': '0.3433', 'eval_accuracy': '0.87', 'eval_macro_f1': '0.6978', 'eval_weighted_f1': '0.8662', 'eval_runtime': '1.919', 'eval_samples_per_second': '525.2', 'eval_steps_per_second': '65.66', 'epoch': '4'}
{'loss': '0.1923', 'grad_norm': '14.32', 'learning_rate': '1.001e-05', 'epoch': '5'}
{'eval_loss': '0.379', 'eval_accuracy': '0.879', 'eval_macro_f1': '0.7271', 'eval_weighted_f1': '0.8774', 'eval_runtime': '1.919', 'eval_samples_per_second': '525.2', 'eval_steps_per_second': '65.66', 'epoch': '5'}
{'loss': '0.1289', 'grad_norm': '5.812', 'learning_rate': '8.011e-06', 'epoch': '6'}
{'eval_loss': '0.4108', 'eval_accuracy': '0.873', 'eval_macro_f1': '0.7136', 'eval_weighted_f1': '0.8713', 'eval_runtime': '1.919', 'eval_samples_per_second': '525.2', 'eval_steps_per_second': '65.65', 'epoch': '6'}
{'loss': '0.08694', 'grad_norm': '11.84', 'learning_rate': '6.011e-06', 'epoch': '7'}
{'eval_loss': '0.4373', 'eval_accuracy': '0.878', 'eval_macro_f1': '0.6899', 'eval_weighted_f1': '0.8682', 'eval_runtime': '1.919', 'eval_samples_per_second': '525.3', 'eval_steps_per_second': '65.66', 'epoch': '7'}
{'train_runtime': '74.97', 'train_samples_per_second': '201.4', 'train_steps_per_second': '25.21', 'train_loss': '0.3076', 'epoch': '7'}

Evaluating on dev set...

Evaluating on test set...

Dev results:
{'eval_loss': 0.43731576204299927, 'eval_accuracy': 0.8779761904761905, 'eval_macro_f1': 0.6899151908643228, 'eval_weighted_f1': 0.8681538962289463, 'eval_runtime': 1.9182, 'eval_samples_per_second': 525.504, 'eval_steps_per_second': 65.688, 'epoch': 7.0}

Test results:
{'eval_loss': 0.4134032130241394, 'eval_accuracy': 0.8819444444444444, 'eval_macro_f1': 0.7023338916806253, 'eval_weighted_f1': 0.872998324958124, 'eval_runtime': 1.9193, 'eval_samples_per_second': 525.181, 'eval_steps_per_second': 65.648, 'epoch': 7.0}

===== ROUND 48 | actor_mixed_entropy =====
Labeled pool size: 1540
Unlabeled pool size: 3164

Starting training...
{'loss': '0.6165', 'grad_norm': '4.401', 'learning_rate': '1.801e-05', 'epoch': '1'}
{'eval_loss': '0.3928', 'eval_accuracy': '0.8552', 'eval_macro_f1': '0.6522', 'eval_weighted_f1': '0.8483', 'eval_runtime': '1.915', 'eval_samples_per_second': '526.5', 'eval_steps_per_second': '65.81', 'epoch': '1'}
{'loss': '0.5016', 'grad_norm': '3.357', 'learning_rate': '1.601e-05', 'epoch': '2'}
{'eval_loss': '0.2894', 'eval_accuracy': '0.8859', 'eval_macro_f1': '0.7031', 'eval_weighted_f1': '0.875', 'eval_runtime': '1.914', 'eval_samples_per_second': '526.6', 'eval_steps_per_second': '65.83', 'epoch': '2'}
{'loss': '0.3742', 'grad_norm': '31.08', 'learning_rate': '1.401e-05', 'epoch': '3'}
{'eval_loss': '0.3087', 'eval_accuracy': '0.877', 'eval_macro_f1': '0.7429', 'eval_weighted_f1': '0.8799', 'eval_runtime': '1.914', 'eval_samples_per_second': '526.7', 'eval_steps_per_second': '65.84', 'epoch': '3'}
{'loss': '0.2708', 'grad_norm': '13.39', 'learning_rate': '1.201e-05', 'epoch': '4'}
{'eval_loss': '0.3661', 'eval_accuracy': '0.879', 'eval_macro_f1': '0.6163', 'eval_weighted_f1': '0.8506', 'eval_runtime': '1.914', 'eval_samples_per_second': '526.6', 'eval_steps_per_second': '65.82', 'epoch': '4'}
{'loss': '0.1811', 'grad_norm': '0.4347', 'learning_rate': '1.001e-05', 'epoch': '5'}
{'eval_loss': '0.3459', 'eval_accuracy': '0.8879', 'eval_macro_f1': '0.7497', 'eval_weighted_f1': '0.887', 'eval_runtime': '1.915', 'eval_samples_per_second': '526.2', 'eval_steps_per_second': '65.78', 'epoch': '5'}
{'loss': '0.1283', 'grad_norm': '8.144', 'learning_rate': '8.01e-06', 'epoch': '6'}
{'eval_loss': '0.3805', 'eval_accuracy': '0.878', 'eval_macro_f1': '0.6824', 'eval_weighted_f1': '0.8664', 'eval_runtime': '1.915', 'eval_samples_per_second': '526.5', 'eval_steps_per_second': '65.81', 'epoch': '6'}
{'loss': '0.08123', 'grad_norm': '3.83', 'learning_rate': '6.01e-06', 'epoch': '7'}
{'eval_loss': '0.3759', 'eval_accuracy': '0.8879', 'eval_macro_f1': '0.7151', 'eval_weighted_f1': '0.8789', 'eval_runtime': '1.916', 'eval_samples_per_second': '526.2', 'eval_steps_per_second': '65.77', 'epoch': '7'}
{'train_runtime': '76.2', 'train_samples_per_second': '202.1', 'train_steps_per_second': '25.33', 'train_loss': '0.3077', 'epoch': '7'}

Evaluating on dev set...

Evaluating on test set...

Dev results:
{'eval_loss': 0.3759254515171051, 'eval_accuracy': 0.8878968253968254, 'eval_macro_f1': 0.7151253379485243, 'eval_weighted_f1': 0.8788730916574874, 'eval_runtime': 1.9176, 'eval_samples_per_second': 525.657, 'eval_steps_per_second': 65.707, 'epoch': 7.0}

Test results:
{'eval_loss': 0.41383427381515503, 'eval_accuracy': 0.875, 'eval_macro_f1': 0.6733333333333333, 'eval_weighted_f1': 0.8627777777777779, 'eval_runtime': 1.9135, 'eval_samples_per_second': 526.782, 'eval_steps_per_second': 65.848, 'epoch': 7.0}

===== ROUND 49 | actor_mixed_entropy =====
Labeled pool size: 1570
Unlabeled pool size: 3134

Starting training...
{'loss': '0.6184', 'grad_norm': '10.41', 'learning_rate': '1.801e-05', 'epoch': '1'}
{'eval_loss': '0.3666', 'eval_accuracy': '0.8492', 'eval_macro_f1': '0.675', 'eval_weighted_f1': '0.8506', 'eval_runtime': '1.916', 'eval_samples_per_second': '526.1', 'eval_steps_per_second': '65.77', 'epoch': '1'}
{'loss': '0.4945', 'grad_norm': '3.602', 'learning_rate': '1.601e-05', 'epoch': '2'}
{'eval_loss': '0.2963', 'eval_accuracy': '0.875', 'eval_macro_f1': '0.7254', 'eval_weighted_f1': '0.875', 'eval_runtime': '1.918', 'eval_samples_per_second': '525.6', 'eval_steps_per_second': '65.7', 'epoch': '2'}
{'loss': '0.3419', 'grad_norm': '2.941', 'learning_rate': '1.401e-05', 'epoch': '3'}
{'eval_loss': '0.2872', 'eval_accuracy': '0.8889', 'eval_macro_f1': '0.7231', 'eval_weighted_f1': '0.8812', 'eval_runtime': '1.916', 'eval_samples_per_second': '526', 'eval_steps_per_second': '65.75', 'epoch': '3'}
{'loss': '0.2476', 'grad_norm': '13.46', 'learning_rate': '1.201e-05', 'epoch': '4'}
{'eval_loss': '0.3241', 'eval_accuracy': '0.8879', 'eval_macro_f1': '0.6763', 'eval_weighted_f1': '0.8695', 'eval_runtime': '1.917', 'eval_samples_per_second': '525.8', 'eval_steps_per_second': '65.72', 'epoch': '4'}
{'train_runtime': '44.3', 'train_samples_per_second': '354.4', 'train_steps_per_second': '44.47', 'train_loss': '0.4256', 'epoch': '4'}

Evaluating on dev set...

Evaluating on test set...

Dev results:
{'eval_loss': 0.32414159178733826, 'eval_accuracy': 0.8878968253968254, 'eval_macro_f1': 0.6762610171129408, 'eval_weighted_f1': 0.8694598408714809, 'eval_runtime': 1.9153, 'eval_samples_per_second': 526.284, 'eval_steps_per_second': 65.786, 'epoch': 4.0}

Test results:
{'eval_loss': 0.3509761393070221, 'eval_accuracy': 0.8849206349206349, 'eval_macro_f1': 0.6461873638344227, 'eval_weighted_f1': 0.8607013175640628, 'eval_runtime': 1.9149, 'eval_samples_per_second': 526.393, 'eval_steps_per_second': 65.799, 'epoch': 4.0}

===== ROUND 50 | actor_mixed_entropy =====
Labeled pool size: 1600
Unlabeled pool size: 3104

Starting training...
{'loss': '0.6231', 'grad_norm': '7.482', 'learning_rate': '1.801e-05', 'epoch': '1'}
{'eval_loss': '0.3743', 'eval_accuracy': '0.8651', 'eval_macro_f1': '0.6122', 'eval_weighted_f1': '0.8433', 'eval_runtime': '1.918', 'eval_samples_per_second': '525.5', 'eval_steps_per_second': '65.68', 'epoch': '1'}
{'loss': '0.4948', 'grad_norm': '10.28', 'learning_rate': '1.601e-05', 'epoch': '2'}
{'eval_loss': '0.3096', 'eval_accuracy': '0.878', 'eval_macro_f1': '0.6717', 'eval_weighted_f1': '0.8638', 'eval_runtime': '1.918', 'eval_samples_per_second': '525.6', 'eval_steps_per_second': '65.7', 'epoch': '2'}
{'loss': '0.3672', 'grad_norm': '7.305', 'learning_rate': '1.401e-05', 'epoch': '3'}
{'eval_loss': '0.3242', 'eval_accuracy': '0.876', 'eval_macro_f1': '0.7249', 'eval_weighted_f1': '0.8754', 'eval_runtime': '1.919', 'eval_samples_per_second': '525.3', 'eval_steps_per_second': '65.66', 'epoch': '3'}
{'loss': '0.2645', 'grad_norm': '9.107', 'learning_rate': '1.201e-05', 'epoch': '4'}
{'eval_loss': '0.3368', 'eval_accuracy': '0.877', 'eval_macro_f1': '0.7169', 'eval_weighted_f1': '0.874', 'eval_runtime': '1.919', 'eval_samples_per_second': '525.4', 'eval_steps_per_second': '65.68', 'epoch': '4'}
{'loss': '0.1707', 'grad_norm': '7.542', 'learning_rate': '1.001e-05', 'epoch': '5'}
{'eval_loss': '0.3569', 'eval_accuracy': '0.8879', 'eval_macro_f1': '0.7238', 'eval_weighted_f1': '0.8809', 'eval_runtime': '1.922', 'eval_samples_per_second': '524.4', 'eval_steps_per_second': '65.56', 'epoch': '5'}
{'train_runtime': '56.13', 'train_samples_per_second': '285.1', 'train_steps_per_second': '35.63', 'train_loss': '0.3841', 'epoch': '5'}

Evaluating on dev set...

Evaluating on test set...

Dev results:
{'eval_loss': 0.35686439275741577, 'eval_accuracy': 0.8878968253968254, 'eval_macro_f1': 0.7237585943468297, 'eval_weighted_f1': 0.8809257036147793, 'eval_runtime': 1.9178, 'eval_samples_per_second': 525.596, 'eval_steps_per_second': 65.7, 'epoch': 5.0}

Test results:
{'eval_loss': 0.34247255325317383, 'eval_accuracy': 0.878968253968254, 'eval_macro_f1': 0.7006280734212961, 'eval_weighted_f1': 0.8711744671577185, 'eval_runtime': 1.9167, 'eval_samples_per_second': 525.902, 'eval_steps_per_second': 65.738, 'epoch': 5.0}

===== ROUND 51 | actor_mixed_entropy =====
Labeled pool size: 1630
Unlabeled pool size: 3074

Starting training...
{'loss': '0.597', 'grad_norm': '4.958', 'learning_rate': '1.801e-05', 'epoch': '1'}
{'eval_loss': '0.3281', 'eval_accuracy': '0.869', 'eval_macro_f1': '0.6369', 'eval_weighted_f1': '0.8512', 'eval_runtime': '1.919', 'eval_samples_per_second': '525.2', 'eval_steps_per_second': '65.65', 'epoch': '1'}
{'loss': '0.4666', 'grad_norm': '10.14', 'learning_rate': '1.601e-05', 'epoch': '2'}
{'eval_loss': '0.2616', 'eval_accuracy': '0.8869', 'eval_macro_f1': '0.6749', 'eval_weighted_f1': '0.8687', 'eval_runtime': '1.918', 'eval_samples_per_second': '525.5', 'eval_steps_per_second': '65.68', 'epoch': '2'}
{'loss': '0.3264', 'grad_norm': '4.188', 'learning_rate': '1.401e-05', 'epoch': '3'}
{'eval_loss': '0.2884', 'eval_accuracy': '0.8879', 'eval_macro_f1': '0.7058', 'eval_weighted_f1': '0.8766', 'eval_runtime': '1.919', 'eval_samples_per_second': '525.4', 'eval_steps_per_second': '65.67', 'epoch': '3'}
{'loss': '0.2392', 'grad_norm': '4.308', 'learning_rate': '1.201e-05', 'epoch': '4'}
{'eval_loss': '0.3025', 'eval_accuracy': '0.8849', 'eval_macro_f1': '0.7352', 'eval_weighted_f1': '0.8822', 'eval_runtime': '1.919', 'eval_samples_per_second': '525.3', 'eval_steps_per_second': '65.67', 'epoch': '4'}
{'loss': '0.1624', 'grad_norm': '0.8686', 'learning_rate': '1.001e-05', 'epoch': '5'}
{'eval_loss': '0.3244', 'eval_accuracy': '0.8899', 'eval_macro_f1': '0.7012', 'eval_weighted_f1': '0.8765', 'eval_runtime': '1.918', 'eval_samples_per_second': '525.5', 'eval_steps_per_second': '65.69', 'epoch': '5'}
{'loss': '0.116', 'grad_norm': '6.601', 'learning_rate': '8.01e-06', 'epoch': '6'}
{'eval_loss': '0.3533', 'eval_accuracy': '0.8829', 'eval_macro_f1': '0.7126', 'eval_weighted_f1': '0.8759', 'eval_runtime': '1.919', 'eval_samples_per_second': '525.3', 'eval_steps_per_second': '65.66', 'epoch': '6'}
{'train_runtime': '68.53', 'train_samples_per_second': '237.8', 'train_steps_per_second': '29.77', 'train_loss': '0.3179', 'epoch': '6'}

Evaluating on dev set...

Evaluating on test set...

Dev results:
{'eval_loss': 0.3532582223415375, 'eval_accuracy': 0.8829365079365079, 'eval_macro_f1': 0.71261790629349, 'eval_weighted_f1': 0.8759130604460742, 'eval_runtime': 1.9185, 'eval_samples_per_second': 525.409, 'eval_steps_per_second': 65.676, 'epoch': 6.0}

Test results:
{'eval_loss': 0.34574857354164124, 'eval_accuracy': 0.8968253968253969, 'eval_macro_f1': 0.7346831342376999, 'eval_weighted_f1': 0.8877717679499417, 'eval_runtime': 1.9185, 'eval_samples_per_second': 525.401, 'eval_steps_per_second': 65.675, 'epoch': 6.0}

===== ROUND 52 | actor_mixed_entropy =====
Labeled pool size: 1660
Unlabeled pool size: 3044

Starting training...
{'loss': '0.5947', 'grad_norm': '10.24', 'learning_rate': '1.801e-05', 'epoch': '1'}
{'eval_loss': '0.3696', 'eval_accuracy': '0.87', 'eval_macro_f1': '0.6063', 'eval_weighted_f1': '0.8441', 'eval_runtime': '1.916', 'eval_samples_per_second': '526.1', 'eval_steps_per_second': '65.76', 'epoch': '1'}
{'loss': '0.4862', 'grad_norm': '15.35', 'learning_rate': '1.601e-05', 'epoch': '2'}
{'eval_loss': '0.2833', 'eval_accuracy': '0.8859', 'eval_macro_f1': '0.7054', 'eval_weighted_f1': '0.8756', 'eval_runtime': '1.916', 'eval_samples_per_second': '526', 'eval_steps_per_second': '65.75', 'epoch': '2'}
{'loss': '0.3563', 'grad_norm': '13.81', 'learning_rate': '1.401e-05', 'epoch': '3'}
{'eval_loss': '0.3252', 'eval_accuracy': '0.8839', 'eval_macro_f1': '0.6301', 'eval_weighted_f1': '0.8563', 'eval_runtime': '1.916', 'eval_samples_per_second': '526.1', 'eval_steps_per_second': '65.77', 'epoch': '3'}
{'loss': '0.2686', 'grad_norm': '2.148', 'learning_rate': '1.201e-05', 'epoch': '4'}
{'eval_loss': '0.2896', 'eval_accuracy': '0.8889', 'eval_macro_f1': '0.7143', 'eval_weighted_f1': '0.8791', 'eval_runtime': '1.916', 'eval_samples_per_second': '526.2', 'eval_steps_per_second': '65.77', 'epoch': '4'}
{'loss': '0.1842', 'grad_norm': '37.9', 'learning_rate': '1.001e-05', 'epoch': '5'}
{'eval_loss': '0.3615', 'eval_accuracy': '0.8889', 'eval_macro_f1': '0.6864', 'eval_weighted_f1': '0.8724', 'eval_runtime': '1.916', 'eval_samples_per_second': '526.1', 'eval_steps_per_second': '65.76', 'epoch': '5'}
{'loss': '0.1141', 'grad_norm': '3.239', 'learning_rate': '8.01e-06', 'epoch': '6'}
{'eval_loss': '0.3487', 'eval_accuracy': '0.878', 'eval_macro_f1': '0.7162', 'eval_weighted_f1': '0.8744', 'eval_runtime': '1.916', 'eval_samples_per_second': '526.2', 'eval_steps_per_second': '65.78', 'epoch': '6'}
{'loss': '0.07726', 'grad_norm': '0.349', 'learning_rate': '6.01e-06', 'epoch': '7'}
{'eval_loss': '0.3852', 'eval_accuracy': '0.8919', 'eval_macro_f1': '0.7294', 'eval_weighted_f1': '0.8842', 'eval_runtime': '1.917', 'eval_samples_per_second': '525.9', 'eval_steps_per_second': '65.74', 'epoch': '7'}
{'loss': '0.05607', 'grad_norm': '6.552', 'learning_rate': '4.01e-06', 'epoch': '8'}
{'eval_loss': '0.3927', 'eval_accuracy': '0.8899', 'eval_macro_f1': '0.7179', 'eval_weighted_f1': '0.8805', 'eval_runtime': '1.919', 'eval_samples_per_second': '525.4', 'eval_steps_per_second': '65.67', 'epoch': '8'}
{'loss': '0.0375', 'grad_norm': '10.03', 'learning_rate': '2.01e-06', 'epoch': '9'}
{'eval_loss': '0.429', 'eval_accuracy': '0.8859', 'eval_macro_f1': '0.7031', 'eval_weighted_f1': '0.875', 'eval_runtime': '1.916', 'eval_samples_per_second': '526.2', 'eval_steps_per_second': '65.77', 'epoch': '9'}
{'train_runtime': '104.2', 'train_samples_per_second': '159.2', 'train_steps_per_second': '19.95', 'train_loss': '0.2417', 'epoch': '9'}

Evaluating on dev set...

Evaluating on test set...

Dev results:
{'eval_loss': 0.4290156960487366, 'eval_accuracy': 0.8859126984126984, 'eval_macro_f1': 0.7030608402517527, 'eval_weighted_f1': 0.8750479230226044, 'eval_runtime': 1.9149, 'eval_samples_per_second': 526.39, 'eval_steps_per_second': 65.799, 'epoch': 9.0}

Test results:
{'eval_loss': 0.4461352527141571, 'eval_accuracy': 0.8869047619047619, 'eval_macro_f1': 0.6995356231435385, 'eval_weighted_f1': 0.8746645669103101, 'eval_runtime': 1.9151, 'eval_samples_per_second': 526.355, 'eval_steps_per_second': 65.794, 'epoch': 9.0}

===== ROUND 53 | actor_mixed_entropy =====
Labeled pool size: 1690
Unlabeled pool size: 3014

Starting training...
{'loss': '0.592', 'grad_norm': '21.36', 'learning_rate': '1.801e-05', 'epoch': '1'}
{'eval_loss': '0.3312', 'eval_accuracy': '0.879', 'eval_macro_f1': '0.6422', 'eval_weighted_f1': '0.857', 'eval_runtime': '1.925', 'eval_samples_per_second': '523.7', 'eval_steps_per_second': '65.47', 'epoch': '1'}
{'loss': '0.4675', 'grad_norm': '6.105', 'learning_rate': '1.601e-05', 'epoch': '2'}
{'eval_loss': '0.2816', 'eval_accuracy': '0.878', 'eval_macro_f1': '0.7143', 'eval_weighted_f1': '0.8739', 'eval_runtime': '1.924', 'eval_samples_per_second': '523.9', 'eval_steps_per_second': '65.49', 'epoch': '2'}
{'loss': '0.3492', 'grad_norm': '6.277', 'learning_rate': '1.401e-05', 'epoch': '3'}
{'eval_loss': '0.2874', 'eval_accuracy': '0.8839', 'eval_macro_f1': '0.6767', 'eval_weighted_f1': '0.8678', 'eval_runtime': '1.924', 'eval_samples_per_second': '523.9', 'eval_steps_per_second': '65.48', 'epoch': '3'}
{'loss': '0.2412', 'grad_norm': '2.625', 'learning_rate': '1.201e-05', 'epoch': '4'}
{'eval_loss': '0.3127', 'eval_accuracy': '0.8899', 'eval_macro_f1': '0.7266', 'eval_weighted_f1': '0.8825', 'eval_runtime': '1.924', 'eval_samples_per_second': '524', 'eval_steps_per_second': '65.5', 'epoch': '4'}
{'loss': '0.1811', 'grad_norm': '1.073', 'learning_rate': '1.001e-05', 'epoch': '5'}
{'eval_loss': '0.3137', 'eval_accuracy': '0.8919', 'eval_macro_f1': '0.723', 'eval_weighted_f1': '0.8826', 'eval_runtime': '1.924', 'eval_samples_per_second': '524', 'eval_steps_per_second': '65.5', 'epoch': '5'}
{'loss': '0.1169', 'grad_norm': '1.888', 'learning_rate': '8.009e-06', 'epoch': '6'}
{'eval_loss': '0.3648', 'eval_accuracy': '0.8889', 'eval_macro_f1': '0.7543', 'eval_weighted_f1': '0.8885', 'eval_runtime': '1.925', 'eval_samples_per_second': '523.7', 'eval_steps_per_second': '65.47', 'epoch': '6'}
{'loss': '0.08106', 'grad_norm': '4.009', 'learning_rate': '6.009e-06', 'epoch': '7'}
{'eval_loss': '0.3645', 'eval_accuracy': '0.8948', 'eval_macro_f1': '0.7399', 'eval_weighted_f1': '0.8881', 'eval_runtime': '1.923', 'eval_samples_per_second': '524', 'eval_steps_per_second': '65.51', 'epoch': '7'}
{'loss': '0.05456', 'grad_norm': '1.244', 'learning_rate': '4.009e-06', 'epoch': '8'}
{'eval_loss': '0.394', 'eval_accuracy': '0.8919', 'eval_macro_f1': '0.7273', 'eval_weighted_f1': '0.8837', 'eval_runtime': '1.924', 'eval_samples_per_second': '523.9', 'eval_steps_per_second': '65.49', 'epoch': '8'}
{'train_runtime': '94.27', 'train_samples_per_second': '179.3', 'train_steps_per_second': '22.49', 'train_loss': '0.2604', 'epoch': '8'}

Evaluating on dev set...

Evaluating on test set...

Dev results:
{'eval_loss': 0.3939870297908783, 'eval_accuracy': 0.8918650793650794, 'eval_macro_f1': 0.7273478503629257, 'eval_weighted_f1': 0.8836707346255085, 'eval_runtime': 1.9237, 'eval_samples_per_second': 523.995, 'eval_steps_per_second': 65.499, 'epoch': 8.0}

Test results:
{'eval_loss': 0.40940260887145996, 'eval_accuracy': 0.8918650793650794, 'eval_macro_f1': 0.7230315481667275, 'eval_weighted_f1': 0.8826403756274313, 'eval_runtime': 1.9235, 'eval_samples_per_second': 524.032, 'eval_steps_per_second': 65.504, 'epoch': 8.0}

===== ROUND 54 | actor_mixed_entropy =====
Labeled pool size: 1720
Unlabeled pool size: 2984

Starting training...
{'loss': '0.5895', 'grad_norm': '4.696', 'learning_rate': '1.801e-05', 'epoch': '1'}
{'eval_loss': '0.3211', 'eval_accuracy': '0.871', 'eval_macro_f1': '0.5995', 'eval_weighted_f1': '0.8429', 'eval_runtime': '1.922', 'eval_samples_per_second': '524.4', 'eval_steps_per_second': '65.55', 'epoch': '1'}
{'loss': '0.4452', 'grad_norm': '5.905', 'learning_rate': '1.601e-05', 'epoch': '2'}
{'eval_loss': '0.3019', 'eval_accuracy': '0.875', 'eval_macro_f1': '0.7236', 'eval_weighted_f1': '0.8746', 'eval_runtime': '1.922', 'eval_samples_per_second': '524.5', 'eval_steps_per_second': '65.56', 'epoch': '2'}
{'loss': '0.3144', 'grad_norm': '5.917', 'learning_rate': '1.401e-05', 'epoch': '3'}
{'eval_loss': '0.3112', 'eval_accuracy': '0.8839', 'eval_macro_f1': '0.6823', 'eval_weighted_f1': '0.8691', 'eval_runtime': '1.922', 'eval_samples_per_second': '524.5', 'eval_steps_per_second': '65.57', 'epoch': '3'}
{'loss': '0.2326', 'grad_norm': '2.17', 'learning_rate': '1.201e-05', 'epoch': '4'}
{'eval_loss': '0.3812', 'eval_accuracy': '0.88', 'eval_macro_f1': '0.6253', 'eval_weighted_f1': '0.8533', 'eval_runtime': '1.921', 'eval_samples_per_second': '524.6', 'eval_steps_per_second': '65.58', 'epoch': '4'}
{'train_runtime': '47.78', 'train_samples_per_second': '360', 'train_steps_per_second': '45', 'train_loss': '0.3954', 'epoch': '4'}

Evaluating on dev set...

Evaluating on test set...

Dev results:
{'eval_loss': 0.38119015097618103, 'eval_accuracy': 0.8799603174603174, 'eval_macro_f1': 0.6252937760942295, 'eval_weighted_f1': 0.8532984773894996, 'eval_runtime': 1.9213, 'eval_samples_per_second': 524.651, 'eval_steps_per_second': 65.581, 'epoch': 4.0}

Test results:
{'eval_loss': 0.3564741313457489, 'eval_accuracy': 0.8928571428571429, 'eval_macro_f1': 0.6738528646925593, 'eval_weighted_f1': 0.8711157980514578, 'eval_runtime': 1.9221, 'eval_samples_per_second': 524.424, 'eval_steps_per_second': 65.553, 'epoch': 4.0}

===== ROUND 55 | actor_mixed_entropy =====
Labeled pool size: 1750
Unlabeled pool size: 2954

Starting training...
{'loss': '0.6037', 'grad_norm': '4.328', 'learning_rate': '1.801e-05', 'epoch': '1'}
{'eval_loss': '0.3752', 'eval_accuracy': '0.8601', 'eval_macro_f1': '0.6701', 'eval_weighted_f1': '0.8549', 'eval_runtime': '1.923', 'eval_samples_per_second': '524.1', 'eval_steps_per_second': '65.51', 'epoch': '1'}
{'loss': '0.4897', 'grad_norm': '8.93', 'learning_rate': '1.601e-05', 'epoch': '2'}
{'eval_loss': '0.288', 'eval_accuracy': '0.8859', 'eval_macro_f1': '0.7101', 'eval_weighted_f1': '0.8767', 'eval_runtime': '1.922', 'eval_samples_per_second': '524.4', 'eval_steps_per_second': '65.55', 'epoch': '2'}
{'loss': '0.352', 'grad_norm': '6.839', 'learning_rate': '1.401e-05', 'epoch': '3'}
{'eval_loss': '0.2836', 'eval_accuracy': '0.8929', 'eval_macro_f1': '0.7223', 'eval_weighted_f1': '0.8829', 'eval_runtime': '1.922', 'eval_samples_per_second': '524.5', 'eval_steps_per_second': '65.56', 'epoch': '3'}
{'loss': '0.2709', 'grad_norm': '14', 'learning_rate': '1.201e-05', 'epoch': '4'}
{'eval_loss': '0.3201', 'eval_accuracy': '0.876', 'eval_macro_f1': '0.7368', 'eval_weighted_f1': '0.8781', 'eval_runtime': '1.922', 'eval_samples_per_second': '524.5', 'eval_steps_per_second': '65.56', 'epoch': '4'}
{'loss': '0.188', 'grad_norm': '0.9934', 'learning_rate': '1.001e-05', 'epoch': '5'}
{'eval_loss': '0.3295', 'eval_accuracy': '0.8869', 'eval_macro_f1': '0.7342', 'eval_weighted_f1': '0.8829', 'eval_runtime': '1.922', 'eval_samples_per_second': '524.5', 'eval_steps_per_second': '65.56', 'epoch': '5'}
{'loss': '0.1309', 'grad_norm': '9.065', 'learning_rate': '8.009e-06', 'epoch': '6'}
{'eval_loss': '0.3714', 'eval_accuracy': '0.8889', 'eval_macro_f1': '0.7209', 'eval_weighted_f1': '0.8807', 'eval_runtime': '1.922', 'eval_samples_per_second': '524.4', 'eval_steps_per_second': '65.55', 'epoch': '6'}
{'train_runtime': '72.73', 'train_samples_per_second': '240.6', 'train_steps_per_second': '30.11', 'train_loss': '0.3392', 'epoch': '6'}

Evaluating on dev set...

Evaluating on test set...

Dev results:
{'eval_loss': 0.3714253902435303, 'eval_accuracy': 0.8888888888888888, 'eval_macro_f1': 0.7209274731794136, 'eval_weighted_f1': 0.8807270809643876, 'eval_runtime': 1.9219, 'eval_samples_per_second': 524.479, 'eval_steps_per_second': 65.56, 'epoch': 6.0}

Test results:
{'eval_loss': 0.3794863522052765, 'eval_accuracy': 0.8849206349206349, 'eval_macro_f1': 0.7109605972215356, 'eval_weighted_f1': 0.8764673338559728, 'eval_runtime': 1.9209, 'eval_samples_per_second': 524.767, 'eval_steps_per_second': 65.596, 'epoch': 6.0}

===== ROUND 56 | actor_mixed_entropy =====
Labeled pool size: 1780
Unlabeled pool size: 2924

Starting training...
{'loss': '0.6068', 'grad_norm': '8.374', 'learning_rate': '1.801e-05', 'epoch': '1'}
{'eval_loss': '0.3414', 'eval_accuracy': '0.8671', 'eval_macro_f1': '0.5553', 'eval_weighted_f1': '0.8301', 'eval_runtime': '1.921', 'eval_samples_per_second': '524.7', 'eval_steps_per_second': '65.59', 'epoch': '1'}
{'loss': '0.4849', 'grad_norm': '4.517', 'learning_rate': '1.601e-05', 'epoch': '2'}
{'eval_loss': '0.2865', 'eval_accuracy': '0.8839', 'eval_macro_f1': '0.7073', 'eval_weighted_f1': '0.8751', 'eval_runtime': '1.92', 'eval_samples_per_second': '524.9', 'eval_steps_per_second': '65.61', 'epoch': '2'}
{'loss': '0.3777', 'grad_norm': '4.696', 'learning_rate': '1.401e-05', 'epoch': '3'}
{'eval_loss': '0.2944', 'eval_accuracy': '0.8879', 'eval_macro_f1': '0.7129', 'eval_weighted_f1': '0.8783', 'eval_runtime': '1.925', 'eval_samples_per_second': '523.5', 'eval_steps_per_second': '65.44', 'epoch': '3'}
{'loss': '0.297', 'grad_norm': '15.75', 'learning_rate': '1.201e-05', 'epoch': '4'}
{'eval_loss': '0.3375', 'eval_accuracy': '0.8839', 'eval_macro_f1': '0.6796', 'eval_weighted_f1': '0.8684', 'eval_runtime': '1.921', 'eval_samples_per_second': '524.7', 'eval_steps_per_second': '65.59', 'epoch': '4'}
{'loss': '0.2224', 'grad_norm': '0.8087', 'learning_rate': '1.001e-05', 'epoch': '5'}
{'eval_loss': '0.3449', 'eval_accuracy': '0.8938', 'eval_macro_f1': '0.7144', 'eval_weighted_f1': '0.8815', 'eval_runtime': '1.921', 'eval_samples_per_second': '524.8', 'eval_steps_per_second': '65.59', 'epoch': '5'}
{'loss': '0.1759', 'grad_norm': '17.21', 'learning_rate': '8.009e-06', 'epoch': '6'}
{'eval_loss': '0.3727', 'eval_accuracy': '0.8819', 'eval_macro_f1': '0.6824', 'eval_weighted_f1': '0.8682', 'eval_runtime': '1.921', 'eval_samples_per_second': '524.7', 'eval_steps_per_second': '65.59', 'epoch': '6'}
{'loss': '0.1231', 'grad_norm': '28.77', 'learning_rate': '6.009e-06', 'epoch': '7'}
{'eval_loss': '0.4009', 'eval_accuracy': '0.8879', 'eval_macro_f1': '0.7009', 'eval_weighted_f1': '0.8755', 'eval_runtime': '1.92', 'eval_samples_per_second': '524.9', 'eval_steps_per_second': '65.61', 'epoch': '7'}
{'train_runtime': '86.07', 'train_samples_per_second': '206.8', 'train_steps_per_second': '25.91', 'train_loss': '0.3268', 'epoch': '7'}

Evaluating on dev set...

Evaluating on test set...

Dev results:
{'eval_loss': 0.4008738100528717, 'eval_accuracy': 0.8878968253968254, 'eval_macro_f1': 0.700925549093487, 'eval_weighted_f1': 0.8754633528195646, 'eval_runtime': 1.9204, 'eval_samples_per_second': 524.893, 'eval_steps_per_second': 65.612, 'epoch': 7.0}

Test results:
{'eval_loss': 0.440881609916687, 'eval_accuracy': 0.8829365079365079, 'eval_macro_f1': 0.6889930134292767, 'eval_weighted_f1': 0.8702668324159349, 'eval_runtime': 1.9197, 'eval_samples_per_second': 525.094, 'eval_steps_per_second': 65.637, 'epoch': 7.0}

===== ROUND 57 | actor_mixed_entropy =====
Labeled pool size: 1810
Unlabeled pool size: 2894

Starting training...
{'loss': '0.5795', 'grad_norm': '8.368', 'learning_rate': '1.801e-05', 'epoch': '1'}
{'eval_loss': '0.3393', 'eval_accuracy': '0.8581', 'eval_macro_f1': '0.653', 'eval_weighted_f1': '0.8499', 'eval_runtime': '1.923', 'eval_samples_per_second': '524.3', 'eval_steps_per_second': '65.54', 'epoch': '1'}
{'loss': '0.4478', 'grad_norm': '11.62', 'learning_rate': '1.601e-05', 'epoch': '2'}
{'eval_loss': '0.2925', 'eval_accuracy': '0.88', 'eval_macro_f1': '0.6824', 'eval_weighted_f1': '0.8673', 'eval_runtime': '1.922', 'eval_samples_per_second': '524.5', 'eval_steps_per_second': '65.56', 'epoch': '2'}
{'loss': '0.3306', 'grad_norm': '11.33', 'learning_rate': '1.401e-05', 'epoch': '3'}
{'eval_loss': '0.289', 'eval_accuracy': '0.8919', 'eval_macro_f1': '0.6756', 'eval_weighted_f1': '0.8711', 'eval_runtime': '1.924', 'eval_samples_per_second': '524', 'eval_steps_per_second': '65.5', 'epoch': '3'}
{'loss': '0.2497', 'grad_norm': '1.243', 'learning_rate': '1.201e-05', 'epoch': '4'}
{'eval_loss': '0.3136', 'eval_accuracy': '0.8938', 'eval_macro_f1': '0.7168', 'eval_weighted_f1': '0.8821', 'eval_runtime': '1.923', 'eval_samples_per_second': '524.3', 'eval_steps_per_second': '65.53', 'epoch': '4'}
{'loss': '0.185', 'grad_norm': '0.9663', 'learning_rate': '1.001e-05', 'epoch': '5'}
{'eval_loss': '0.33', 'eval_accuracy': '0.8829', 'eval_macro_f1': '0.7082', 'eval_weighted_f1': '0.8749', 'eval_runtime': '1.922', 'eval_samples_per_second': '524.3', 'eval_steps_per_second': '65.54', 'epoch': '5'}
{'loss': '0.1311', 'grad_norm': '1.187', 'learning_rate': '8.009e-06', 'epoch': '6'}
{'eval_loss': '0.3412', 'eval_accuracy': '0.8899', 'eval_macro_f1': '0.7384', 'eval_weighted_f1': '0.8853', 'eval_runtime': '1.923', 'eval_samples_per_second': '524.3', 'eval_steps_per_second': '65.54', 'epoch': '6'}
{'loss': '0.09109', 'grad_norm': '18.71', 'learning_rate': '6.009e-06', 'epoch': '7'}
{'eval_loss': '0.3839', 'eval_accuracy': '0.8909', 'eval_macro_f1': '0.7238', 'eval_weighted_f1': '0.8823', 'eval_runtime': '1.924', 'eval_samples_per_second': '523.9', 'eval_steps_per_second': '65.49', 'epoch': '7'}
{'loss': '0.06032', 'grad_norm': '0.4846', 'learning_rate': '4.009e-06', 'epoch': '8'}
{'eval_loss': '0.3796', 'eval_accuracy': '0.8899', 'eval_macro_f1': '0.7266', 'eval_weighted_f1': '0.8825', 'eval_runtime': '1.923', 'eval_samples_per_second': '524.1', 'eval_steps_per_second': '65.52', 'epoch': '8'}
{'train_runtime': '99.86', 'train_samples_per_second': '181.3', 'train_steps_per_second': '22.73', 'train_loss': '0.2594', 'epoch': '8'}

Evaluating on dev set...

Evaluating on test set...

Dev results:
{'eval_loss': 0.37958043813705444, 'eval_accuracy': 0.8898809523809523, 'eval_macro_f1': 0.7265842828971001, 'eval_weighted_f1': 0.8825441315440655, 'eval_runtime': 1.922, 'eval_samples_per_second': 524.458, 'eval_steps_per_second': 65.557, 'epoch': 8.0}

Test results:
{'eval_loss': 0.4346475899219513, 'eval_accuracy': 0.8869047619047619, 'eval_macro_f1': 0.7114706679924072, 'eval_weighted_f1': 0.877530421008682, 'eval_runtime': 1.9222, 'eval_samples_per_second': 524.409, 'eval_steps_per_second': 65.551, 'epoch': 8.0}

===== ROUND 58 | actor_mixed_entropy =====
Labeled pool size: 1840
Unlabeled pool size: 2864

Starting training...
{'loss': '0.5682', 'grad_norm': '6.602', 'learning_rate': '1.801e-05', 'epoch': '1'}
{'eval_loss': '0.3056', 'eval_accuracy': '0.876', 'eval_macro_f1': '0.6824', 'eval_weighted_f1': '0.8654', 'eval_runtime': '1.92', 'eval_samples_per_second': '525', 'eval_steps_per_second': '65.62', 'epoch': '1'}
{'loss': '0.4344', 'grad_norm': '14.18', 'learning_rate': '1.601e-05', 'epoch': '2'}
{'eval_loss': '0.2762', 'eval_accuracy': '0.8879', 'eval_macro_f1': '0.6821', 'eval_weighted_f1': '0.8709', 'eval_runtime': '1.919', 'eval_samples_per_second': '525.3', 'eval_steps_per_second': '65.66', 'epoch': '2'}
{'loss': '0.3084', 'grad_norm': '5.557', 'learning_rate': '1.401e-05', 'epoch': '3'}
{'eval_loss': '0.2906', 'eval_accuracy': '0.8829', 'eval_macro_f1': '0.7037', 'eval_weighted_f1': '0.8738', 'eval_runtime': '1.919', 'eval_samples_per_second': '525.1', 'eval_steps_per_second': '65.64', 'epoch': '3'}
{'loss': '0.2345', 'grad_norm': '3.556', 'learning_rate': '1.201e-05', 'epoch': '4'}
{'eval_loss': '0.313', 'eval_accuracy': '0.8879', 'eval_macro_f1': '0.7411', 'eval_weighted_f1': '0.885', 'eval_runtime': '1.919', 'eval_samples_per_second': '525.3', 'eval_steps_per_second': '65.66', 'epoch': '4'}
{'loss': '0.1625', 'grad_norm': '5.984', 'learning_rate': '1.001e-05', 'epoch': '5'}
{'eval_loss': '0.358', 'eval_accuracy': '0.8839', 'eval_macro_f1': '0.6929', 'eval_weighted_f1': '0.8717', 'eval_runtime': '1.919', 'eval_samples_per_second': '525.3', 'eval_steps_per_second': '65.66', 'epoch': '5'}
{'loss': '0.105', 'grad_norm': '0.8836', 'learning_rate': '8.009e-06', 'epoch': '6'}
{'eval_loss': '0.3667', 'eval_accuracy': '0.8829', 'eval_macro_f1': '0.7037', 'eval_weighted_f1': '0.8738', 'eval_runtime': '1.922', 'eval_samples_per_second': '524.3', 'eval_steps_per_second': '65.54', 'epoch': '6'}
{'train_runtime': '75.78', 'train_samples_per_second': '242.8', 'train_steps_per_second': '30.35', 'train_loss': '0.3022', 'epoch': '6'}

Evaluating on dev set...

Evaluating on test set...

Dev results:
{'eval_loss': 0.366740345954895, 'eval_accuracy': 0.8829365079365079, 'eval_macro_f1': 0.7036830357142857, 'eval_weighted_f1': 0.8737909226190476, 'eval_runtime': 1.9188, 'eval_samples_per_second': 525.322, 'eval_steps_per_second': 65.665, 'epoch': 6.0}

Test results:
{'eval_loss': 0.37026795744895935, 'eval_accuracy': 0.8859126984126984, 'eval_macro_f1': 0.7123394751535455, 'eval_weighted_f1': 0.8772672888250778, 'eval_runtime': 1.918, 'eval_samples_per_second': 525.559, 'eval_steps_per_second': 65.695, 'epoch': 6.0}

===== ROUND 59 | actor_mixed_entropy =====
Labeled pool size: 1870
Unlabeled pool size: 2834

Starting training...
{'loss': '0.5825', 'grad_norm': '4.765', 'learning_rate': '1.801e-05', 'epoch': '1'}
{'eval_loss': '0.3159', 'eval_accuracy': '0.8849', 'eval_macro_f1': '0.6917', 'eval_weighted_f1': '0.8718', 'eval_runtime': '1.923', 'eval_samples_per_second': '524.3', 'eval_steps_per_second': '65.53', 'epoch': '1'}
{'loss': '0.4493', 'grad_norm': '10.56', 'learning_rate': '1.601e-05', 'epoch': '2'}
{'eval_loss': '0.2645', 'eval_accuracy': '0.8889', 'eval_macro_f1': '0.6892', 'eval_weighted_f1': '0.8731', 'eval_runtime': '1.922', 'eval_samples_per_second': '524.4', 'eval_steps_per_second': '65.55', 'epoch': '2'}
{'loss': '0.3374', 'grad_norm': '12.64', 'learning_rate': '1.401e-05', 'epoch': '3'}
{'eval_loss': '0.2971', 'eval_accuracy': '0.8938', 'eval_macro_f1': '0.7324', 'eval_weighted_f1': '0.8858', 'eval_runtime': '1.922', 'eval_samples_per_second': '524.4', 'eval_steps_per_second': '65.55', 'epoch': '3'}
{'loss': '0.2527', 'grad_norm': '14.56', 'learning_rate': '1.201e-05', 'epoch': '4'}
{'eval_loss': '0.3171', 'eval_accuracy': '0.8889', 'eval_macro_f1': '0.6998', 'eval_weighted_f1': '0.8757', 'eval_runtime': '1.922', 'eval_samples_per_second': '524.3', 'eval_steps_per_second': '65.54', 'epoch': '4'}
{'loss': '0.1886', 'grad_norm': '1.784', 'learning_rate': '1.001e-05', 'epoch': '5'}
{'eval_loss': '0.3289', 'eval_accuracy': '0.8919', 'eval_macro_f1': '0.7394', 'eval_weighted_f1': '0.8865', 'eval_runtime': '1.924', 'eval_samples_per_second': '523.9', 'eval_steps_per_second': '65.49', 'epoch': '5'}
{'loss': '0.1381', 'grad_norm': '0.9366', 'learning_rate': '8.009e-06', 'epoch': '6'}
{'eval_loss': '0.3652', 'eval_accuracy': '0.8909', 'eval_macro_f1': '0.7539', 'eval_weighted_f1': '0.8894', 'eval_runtime': '1.922', 'eval_samples_per_second': '524.4', 'eval_steps_per_second': '65.55', 'epoch': '6'}
{'loss': '0.09373', 'grad_norm': '0.3685', 'learning_rate': '6.009e-06', 'epoch': '7'}
{'eval_loss': '0.3843', 'eval_accuracy': '0.8899', 'eval_macro_f1': '0.7286', 'eval_weighted_f1': '0.883', 'eval_runtime': '1.923', 'eval_samples_per_second': '524.2', 'eval_steps_per_second': '65.53', 'epoch': '7'}
{'loss': '0.06692', 'grad_norm': '1.37', 'learning_rate': '4.009e-06', 'epoch': '8'}
{'eval_loss': '0.4033', 'eval_accuracy': '0.8859', 'eval_macro_f1': '0.7101', 'eval_weighted_f1': '0.8767', 'eval_runtime': '1.923', 'eval_samples_per_second': '524.2', 'eval_steps_per_second': '65.52', 'epoch': '8'}
{'train_runtime': '102.6', 'train_samples_per_second': '182.3', 'train_steps_per_second': '22.82', 'train_loss': '0.2636', 'epoch': '8'}

Evaluating on dev set...

Evaluating on test set...

Dev results:
{'eval_loss': 0.40329867601394653, 'eval_accuracy': 0.8859126984126984, 'eval_macro_f1': 0.710083308531684, 'eval_weighted_f1': 0.8767292525717791, 'eval_runtime': 1.9213, 'eval_samples_per_second': 524.636, 'eval_steps_per_second': 65.58, 'epoch': 8.0}

Test results:
{'eval_loss': 0.44261372089385986, 'eval_accuracy': 0.8829365079365079, 'eval_macro_f1': 0.6809955479268358, 'eval_weighted_f1': 0.8683322988585017, 'eval_runtime': 1.9215, 'eval_samples_per_second': 524.594, 'eval_steps_per_second': 65.574, 'epoch': 8.0}

Active learning finished.
Results saved to: results/active_learning_mixed_entropy.json
